name,Perfection-locked,Mastery-locked,OutsidePelican,Mineral,local_image_path,wiki_url
Abby's Planchette,no,no,no,no,Abbys_Planchette.png,https://stardewvalleywiki.com/Abby's_Planchette
Abigail's Bow,no,no,no,no,Abigails_Bow.png,https://stardewvalleywiki.com/Abigail's_Bow
Acorn,no,no,no,no,Acorn.png,https://stardewvalleywiki.com/Acorn
Advanced Iridium Rod,no,yes,no,no,Advanced_Iridium_Rod.png,https://stardewvalleywiki.com/Advanced_Iridium_Rod
Advanced TV Remote,no,no,yes,no,Advanced_TV_Remote.png,https://stardewvalleywiki.com/Advanced_TV_Remote
Aerinite,no,no,no,yes,Aerinite.png,https://stardewvalleywiki.com/Aerinite
Aged Roe,no,no,no,no,Aged_Roe.png,https://stardewvalleywiki.com/Aged_Roe
Alamite,no,no,no,yes,Alamite.png,https://stardewvalleywiki.com/Alamite
Albacore,no,no,no,no,Albacore.png,https://stardewvalleywiki.com/Albacore
Alex's Bat,no,no,no,no,Alexs_Bat.png,https://stardewvalleywiki.com/Alex's_Bat
Algae Soup,no,no,no,no,Algae_Soup.png,https://stardewvalleywiki.com/Algae_Soup
Amaranth,no,no,no,no,Amaranth.png,https://stardewvalleywiki.com/Amaranth
Amaranth Seeds,no,no,no,no,Amaranth_Seeds.png,https://stardewvalleywiki.com/Amaranth_Seeds
Amethyst,no,no,no,no,Amethyst.png,https://stardewvalleywiki.com/Amethyst
Amethyst Ring,no,no,no,no,Amethyst_Ring.png,https://stardewvalleywiki.com/Amethyst_Ring
Amphibian Fossil,no,no,no,no,Amphibian_Fossil.png,https://stardewvalleywiki.com/Amphibian_Fossil
Anchor,no,no,no,no,Anchor.png,https://stardewvalleywiki.com/Anchor
Anchovy,no,no,no,no,Anchovy.png,https://stardewvalleywiki.com/Anchovy
Ancient Doll,no,no,no,no,Ancient_Doll.png,https://stardewvalleywiki.com/Ancient_Doll
Ancient Drum,no,no,no,no,Ancient_Drum.png,https://stardewvalleywiki.com/Ancient_Drum
Ancient Fruit,no,no,no,no,Ancient_Fruit.png,https://stardewvalleywiki.com/Ancient_Fruit
Ancient Seed,no,no,no,no,Ancient_Seed.png,https://stardewvalleywiki.com/Ancient_Seed
Ancient Seeds,no,no,no,no,Ancient_Seeds.png,https://stardewvalleywiki.com/Ancient_Seeds
Ancient Sword,no,no,no,no,Ancient_Sword.png,https://stardewvalleywiki.com/Ancient_Sword
Angler,no,no,no,no,Angler.png,https://stardewvalleywiki.com/Angler
Animal Catalogue,no,no,no,no,Animal_Catalogue.png,https://stardewvalleywiki.com/Animal_Catalogue
Apple,no,no,no,no,Apple.png,https://stardewvalleywiki.com/Apple
Apple Sapling,no,no,no,no,Apple_Sapling.png,https://stardewvalleywiki.com/Apple_Sapling
Apricot,no,no,no,no,Apricot.png,https://stardewvalleywiki.com/Apricot
Apricot Sapling,no,no,no,no,Apricot_Sapling.png,https://stardewvalleywiki.com/Apricot_Sapling
Aquamarine,no,no,no,no,Aquamarine.png,https://stardewvalleywiki.com/Aquamarine
Aquamarine Ring,no,no,no,no,Aquamarine_Ring.png,https://stardewvalleywiki.com/Aquamarine_Ring
Arcane Hat,no,no,no,no,Arcane_Hat.png,https://stardewvalleywiki.com/Arcane_Hat
Archer's Cap,no,no,yes,no,Archers_Cap.png,https://stardewvalleywiki.com/Archer's_Cap
Arctic Shard,no,no,yes,no,Arctic_Shard.png,https://stardewvalleywiki.com/Arctic_Shard
Arrowhead,no,no,no,no,Arrowhead.png,https://stardewvalleywiki.com/Arrowhead
Artichoke,no,no,no,no,Artichoke.png,https://stardewvalleywiki.com/Artichoke
Artichoke Dip,no,no,no,no,Artichoke_Dip.png,https://stardewvalleywiki.com/Artichoke_Dip
Artichoke Seeds,no,no,no,no,Artichoke_Seeds.png,https://stardewvalleywiki.com/Artichoke_Seeds
Artifact Trove,no,no,no,no,Artifact_Trove.png,https://stardewvalleywiki.com/Artifact_Trove
Autumn's Bounty,no,no,no,no,Autumns_Bounty.png,https://stardewvalleywiki.com/Autumn's_Bounty
Bait,no,no,no,no,Bait.png,https://stardewvalleywiki.com/Bait
Bait And Bobber,no,no,no,no,Bait_And_Bobber.png,https://stardewvalleywiki.com/Bait_And_Bobber
Baked Fish,no,no,no,no,Baked_Fish.png,https://stardewvalleywiki.com/Baked_Fish
Bamboo Pole,no,no,no,no,Bamboo_Pole.png,https://stardewvalleywiki.com/Bamboo_Pole
Banana,no,no,yes,no,Banana.png,https://stardewvalleywiki.com/Banana
Banana Pudding,no,no,yes,no,Banana_Pudding.png,https://stardewvalleywiki.com/Banana_Pudding
Banana Sapling,no,no,yes,no,Banana_Sapling.png,https://stardewvalleywiki.com/Banana_Sapling
Barbed Hook,no,no,no,no,Barbed_Hook.png,https://stardewvalleywiki.com/Barbed_Hook
Baryte,no,no,no,yes,Baryte.png,https://stardewvalleywiki.com/Baryte
Basalt,no,no,no,yes,Basalt.png,https://stardewvalleywiki.com/Basalt
Basic Fertilizer,no,no,no,no,Basic_Fertilizer.png,https://stardewvalleywiki.com/Basic_Fertilizer
Basic Retaining Soil,no,no,no,no,Basic_Retaining_Soil.png,https://stardewvalleywiki.com/Basic_Retaining_Soil
Basilisk Paw,no,yes,no,no,Basilisk_Paw.png,https://stardewvalleywiki.com/Basilisk_Paw
Bat Wing,no,no,no,no,Bat_Wing.png,https://stardewvalleywiki.com/Bat_Wing
Battery Pack,no,no,no,no,Battery_Pack.png,https://stardewvalleywiki.com/Battery_Pack
Bean Hotpot,no,no,no,no,Bean_Hotpot.png,https://stardewvalleywiki.com/Bean_Hotpot
Bean Starter,no,no,no,no,Bean_Starter.png,https://stardewvalleywiki.com/Bean_Starter
Beanie,no,no,no,no,Beanie.png,https://stardewvalleywiki.com/Beanie
Beer,no,no,no,no,Beer.png,https://stardewvalleywiki.com/Beer
Beet,no,no,no,no,Beet.png,https://stardewvalleywiki.com/Beet
Beet Seeds,no,no,no,no,Beet_Seeds.png,https://stardewvalleywiki.com/Beet_Seeds
Bixite,no,no,no,yes,Bixite.png,https://stardewvalleywiki.com/Bixite
Blackberry,no,no,no,no,Blackberry.png,https://stardewvalleywiki.com/Blackberry
Blackberry Cobbler,no,no,no,no,Blackberry_Cobbler.png,https://stardewvalleywiki.com/Blackberry_Cobbler
Blobfish,no,no,no,no,Blobfish.png,https://stardewvalleywiki.com/Blobfish
Blobfish Mask,no,no,no,no,Blobfish_Mask.png,https://stardewvalleywiki.com/Blobfish_Mask
Blue Bonnet,no,no,no,no,Blue_Bonnet.png,https://stardewvalleywiki.com/Blue_Bonnet
Blue Bow,no,no,no,no,Blue_Bow.png,https://stardewvalleywiki.com/Blue_Bow
Blue Cowboy Hat,no,no,no,no,Blue_Cowboy_Hat.png,https://stardewvalleywiki.com/Blue_Cowboy_Hat
Blue Discus,no,no,yes,no,Blue_Discus.png,https://stardewvalleywiki.com/Blue_Discus
Blue Grass Starter,no,yes,yes,no,Blue_Grass_Starter.png,https://stardewvalleywiki.com/Blue_Grass_Starter
Blue Jazz,no,no,no,no,Blue_Jazz.png,https://stardewvalleywiki.com/Blue_Jazz
Blue Ribbon,no,no,no,no,Blue_Ribbon.png,https://stardewvalleywiki.com/Blue_Ribbon
Blue Slime Egg,no,no,no,no,Blue_Slime_Egg.png,https://stardewvalleywiki.com/Blue_Slime_Egg
Blueberry,no,no,no,no,Blueberry.png,https://stardewvalleywiki.com/Blueberry
Blueberry Seeds,no,no,no,no,Blueberry_Seeds.png,https://stardewvalleywiki.com/Blueberry_Seeds
Blueberry Tart,no,no,no,no,Blueberry_Tart.png,https://stardewvalleywiki.com/Blueberry_Tart
Bluebird Mask,no,no,yes,no,Bluebird_Mask.png,https://stardewvalleywiki.com/Bluebird_Mask
Bok Choy,no,no,no,no,Bok_Choy.png,https://stardewvalleywiki.com/Bok_Choy
Bok Choy Seeds,no,no,no,no,Bok_Choy_Seeds.png,https://stardewvalleywiki.com/Bok_Choy_Seeds
Bomb,no,no,no,no,Bomb.png,https://stardewvalleywiki.com/Bomb
Bone Flute,no,no,no,no,Bone_Flute.png,https://stardewvalleywiki.com/Bone_Flute
Bone Fragment,no,no,no,no,Bone_Fragment.png,https://stardewvalleywiki.com/Bone_Fragment
Bone Sword,no,no,no,no,Bone_Sword.png,https://stardewvalleywiki.com/Bone_Sword
Book Of Stars,no,no,no,no,Book_Of_Stars.png,https://stardewvalleywiki.com/Book_Of_Stars
Book of Mysteries,no,no,no,no,Book_of_Mysteries.png,https://stardewvalleywiki.com/Book_of_Mysteries
Bouquet,no,no,no,no,Bouquet.png,https://stardewvalleywiki.com/Bouquet
Bowler Hat,no,no,no,no,Bowler_Hat.png,https://stardewvalleywiki.com/Bowler_Hat
Bread,no,no,no,no,Bread.png,https://stardewvalleywiki.com/Bread
Bream,no,no,no,no,Bream.png,https://stardewvalleywiki.com/Bream
Brick Floor,no,no,no,no,Brick_Floor.png,https://stardewvalleywiki.com/Brick_Floor
Bridal Veil,no,no,no,no,Bridal_Veil.png,https://stardewvalleywiki.com/Bridal_Veil
Broccoli,no,no,no,no,Broccoli.png,https://stardewvalleywiki.com/Broccoli
Broccoli Seeds,no,no,no,no,Broccoli_Seeds.png,https://stardewvalleywiki.com/Broccoli_Seeds
Broken CD,no,no,no,no,Broken_CD.png,https://stardewvalleywiki.com/Broken_CD
Broken Glasses,no,no,no,no,Broken_Glasses.png,https://stardewvalleywiki.com/Broken_Glasses
Broken Trident,no,no,no,no,Broken_Trident.png,https://stardewvalleywiki.com/Broken_Trident
Bruschetta,no,no,no,no,Bruschetta.png,https://stardewvalleywiki.com/Bruschetta
Bucket Hat,no,no,no,no,Bucket_Hat.png,https://stardewvalleywiki.com/Bucket_Hat
Bug Meat,no,no,no,no,Bug_Meat.png,https://stardewvalleywiki.com/Bug_Meat
Bug Steak,no,no,no,no,Bug_Steak.png,https://stardewvalleywiki.com/Bug_Steak
Bullhead,no,no,no,no,Bullhead.png,https://stardewvalleywiki.com/Bullhead
Burglar's Ring,no,no,no,no,Burglars_Ring.png,https://stardewvalleywiki.com/Burglar's_Ring
Burglar's Shank,no,no,no,no,Burglars_Shank.png,https://stardewvalleywiki.com/Burglar's_Shank
Butterfly Bow,no,no,no,no,Butterfly_Bow.png,https://stardewvalleywiki.com/Butterfly_Bow
Butterfly Powder,no,no,no,no,Butterfly_Powder.png,https://stardewvalleywiki.com/Butterfly_Powder
Cactus Fruit,no,no,no,no,Cactus_Fruit.png,https://stardewvalleywiki.com/Cactus_Fruit
Cactus Seeds,no,no,no,no,Cactus_Seeds.png,https://stardewvalleywiki.com/Cactus_Seeds
Calcite,no,no,no,yes,Calcite.png,https://stardewvalleywiki.com/Calcite
Calico Egg,no,no,no,no,Calico_Egg.png,https://stardewvalleywiki.com/Calico_Egg
Carp,no,no,no,no,Carp.png,https://stardewvalleywiki.com/Carp
Carp Surprise,no,no,no,no,Carp_Surprise.png,https://stardewvalleywiki.com/Carp_Surprise
Carrot,no,no,no,no,Carrot.png,https://stardewvalleywiki.com/Carrot
Carrot Seeds,no,no,no,no,Carrot_Seeds.png,https://stardewvalleywiki.com/Carrot_Seeds
Carving Knife,no,no,no,no,Carving_Knife.png,https://stardewvalleywiki.com/Carving_Knife
Cat Ears,no,no,no,no,Cat_Ears.png,https://stardewvalleywiki.com/Cat_Ears
Catfish,no,no,no,no,Catfish.png,https://stardewvalleywiki.com/Catfish
Cauliflower,no,no,no,no,Cauliflower.png,https://stardewvalleywiki.com/Cauliflower
Cauliflower Seeds,no,no,no,no,Cauliflower_Seeds.png,https://stardewvalleywiki.com/Cauliflower_Seeds
Cave Carrot,no,no,no,no,Cave_Carrot.png,https://stardewvalleywiki.com/Cave_Carrot
Cave Jelly,no,no,no,no,Cave_Jelly.png,https://stardewvalleywiki.com/Cave_Jelly
Caviar,no,no,no,no,Caviar.png,https://stardewvalleywiki.com/Caviar
Celestine,no,no,no,yes,Celestine.png,https://stardewvalleywiki.com/Celestine
Challenge Bait,no,yes,no,no,Challenge_Bait.png,https://stardewvalleywiki.com/Challenge_Bait
Chanterelle,no,no,no,no,Chanterelle.png,https://stardewvalleywiki.com/Chanterelle
Cheese,no,no,no,no,Cheese.png,https://stardewvalleywiki.com/Cheese
Cheese Cauliflower,no,no,no,no,Cheese_Cauliflower.png,https://stardewvalleywiki.com/Cheese_Cauliflower
Chef Hat,no,no,yes,no,Chef_Hat.png,https://stardewvalleywiki.com/Chef_Hat
Cherry,no,no,no,no,Cherry.png,https://stardewvalleywiki.com/Cherry
Cherry Bomb,no,no,no,no,Cherry_Bomb.png,https://stardewvalleywiki.com/Cherry_Bomb
Cherry Sapling,no,no,no,no,Cherry_Sapling.png,https://stardewvalleywiki.com/Cherry_Sapling
Chewing Stick,no,no,no,no,Chewing_Stick.png,https://stardewvalleywiki.com/Chewing_Stick
Chicken Mask,no,no,no,no,Chicken_Mask.png,https://stardewvalleywiki.com/Chicken_Mask
Chicken Statue,no,no,no,no,Chicken_Statue.png,https://stardewvalleywiki.com/Chicken_Statue
Chipped Amphora,no,no,no,no,Chipped_Amphora.png,https://stardewvalleywiki.com/Chipped_Amphora
Chocolate Cake,no,no,no,no,Chocolate_Cake.png,https://stardewvalleywiki.com/Chocolate_Cake
Chowder,no,no,no,no,Chowder.png,https://stardewvalleywiki.com/Chowder
Chub,no,no,no,no,Chub.png,https://stardewvalleywiki.com/Chub
Cinder Shard,no,no,yes,no,Cinder_Shard.png,https://stardewvalleywiki.com/Cinder_Shard
Cinderclown Shoes,no,no,yes,no,Cinderclown_Shoes.png,https://stardewvalleywiki.com/Cinderclown_Shoes
Clam,no,no,no,no,Clam.png,https://stardewvalleywiki.com/Clam
Clay,no,no,no,no,Clay.png,https://stardewvalleywiki.com/Clay
Claymore,no,no,no,no,Claymore.png,https://stardewvalleywiki.com/Claymore
Cloth,no,no,no,no,Cloth.png,https://stardewvalleywiki.com/Cloth
Coal,no,no,no,no,Coal.png,https://stardewvalleywiki.com/Coal
Cobblestone Path,no,no,no,no,Cobblestone_Path.png,https://stardewvalleywiki.com/Cobblestone_Path
Cockle,no,no,no,no,Cockle.png,https://stardewvalleywiki.com/Cockle
Coconut,no,no,no,no,Coconut.png,https://stardewvalleywiki.com/Coconut
Coffee,no,no,no,no,Coffee.png,https://stardewvalleywiki.com/Coffee
Coffee Bean,no,no,no,no,Coffee_Bean.png,https://stardewvalleywiki.com/Coffee_Bean
Coleslaw,no,no,no,no,Coleslaw.png,https://stardewvalleywiki.com/Coleslaw
Combat Boots,no,no,no,no,Combat_Boots.png,https://stardewvalleywiki.com/Combat_Boots
Combat Quarterly,no,no,no,no,Combat_Quarterly.png,https://stardewvalleywiki.com/Combat_Quarterly
Common Mushroom,no,no,no,no,Common_Mushroom.png,https://stardewvalleywiki.com/Common_Mushroom
Complete Breakfast,no,no,no,no,Complete_Breakfast.png,https://stardewvalleywiki.com/Complete_Breakfast
Cone Hat,no,no,no,no,Cone_Hat.png,https://stardewvalleywiki.com/Cone_Hat
Cookies,no,no,no,no,Cookies.png,https://stardewvalleywiki.com/Cookies
Cookout Kit,no,no,no,no,Cookout_Kit.png,https://stardewvalleywiki.com/Cookout_Kit
Cool Cap,no,no,no,no,Cool_Cap.png,https://stardewvalleywiki.com/Cool_Cap
Copper Axe,no,no,no,no,Copper_Axe.png,https://stardewvalleywiki.com/Copper_Axe
Copper Bar,no,no,no,no,Copper_Bar.png,https://stardewvalleywiki.com/Copper_Bar
Copper Hoe,no,no,no,no,Copper_Hoe.png,https://stardewvalleywiki.com/Copper_Hoe
Copper Ore,no,no,no,no,Copper_Ore.png,https://stardewvalleywiki.com/Copper_Ore
Copper Pan,no,no,no,no,Copper_Pan.png,https://stardewvalleywiki.com/Copper_Pan
Copper Pickaxe,no,no,no,no,Copper_Pickaxe.png,https://stardewvalleywiki.com/Copper_Pickaxe
Copper Watering Can,no,no,no,no,Copper_Watering_Can.png,https://stardewvalleywiki.com/Copper_Watering_Can
Coral,no,no,no,no,Coral.png,https://stardewvalleywiki.com/Coral
Cork Bobber,no,no,no,no,Cork_Bobber.png,https://stardewvalleywiki.com/Cork_Bobber
Corn,no,no,no,no,Corn.png,https://stardewvalleywiki.com/Corn
Corn Seeds,no,no,no,no,Corn_Seeds.png,https://stardewvalleywiki.com/Corn_Seeds
Cowboy Hat,no,no,no,no,Cowboy_Hat.png,https://stardewvalleywiki.com/Cowboy_Hat
Cowgal Hat,no,no,no,no,Cowgal_Hat.png,https://stardewvalleywiki.com/Cowgal_Hat
Cowpoke Hat,no,no,no,no,Cowpoke_Hat.png,https://stardewvalleywiki.com/Cowpoke_Hat
Crab,no,no,no,no,Crab.png,https://stardewvalleywiki.com/Crab
Crab Cakes,no,no,no,no,Crab_Cakes.png,https://stardewvalleywiki.com/Crab_Cakes
Crab Pot,no,no,no,no,Crab_Pot.png,https://stardewvalleywiki.com/Crab_Pot
Crabshell Ring,no,no,no,no,Crabshell_Ring.png,https://stardewvalleywiki.com/Crabshell_Ring
Cranberries,no,no,no,no,Cranberries.png,https://stardewvalleywiki.com/Cranberries
Cranberry Candy,no,no,no,no,Cranberry_Candy.png,https://stardewvalleywiki.com/Cranberry_Candy
Cranberry Sauce,no,no,no,no,Cranberry_Sauce.png,https://stardewvalleywiki.com/Cranberry_Sauce
Cranberry Seeds,no,no,no,no,Cranberry_Seeds.png,https://stardewvalleywiki.com/Cranberry_Seeds
Crayfish,no,no,no,no,Crayfish.png,https://stardewvalleywiki.com/Crayfish
Crimsonfish,no,no,no,no,Crimsonfish.png,https://stardewvalleywiki.com/Crimsonfish
Crispy Bass,no,no,no,no,Crispy_Bass.png,https://stardewvalleywiki.com/Crispy_Bass
Crocus,no,no,no,no,Crocus.png,https://stardewvalleywiki.com/Crocus
Crystal Dagger,no,no,no,no,Crystal_Dagger.png,https://stardewvalleywiki.com/Crystal_Dagger
Crystal Floor,no,no,no,no,Crystal_Floor.png,https://stardewvalleywiki.com/Crystal_Floor
Crystal Fruit,no,no,no,no,Crystal_Fruit.png,https://stardewvalleywiki.com/Crystal_Fruit
Crystal Path,no,no,no,no,Crystal_Path.png,https://stardewvalleywiki.com/Crystal_Path
Crystal Shoes,no,no,no,no,Crystal_Shoes.png,https://stardewvalleywiki.com/Crystal_Shoes
Curiosity Lure,no,no,no,no,Curiosity_Lure.png,https://stardewvalleywiki.com/Curiosity_Lure
Cutlass,no,no,no,no,Cutlass.png,https://stardewvalleywiki.com/Cutlass
Daffodil,no,no,no,no,Daffodil.png,https://stardewvalleywiki.com/Daffodil
Daisy,no,no,no,no,Daisy.png,https://stardewvalleywiki.com/Daisy
Dandelion,no,no,no,no,Dandelion.png,https://stardewvalleywiki.com/Dandelion
Dark Ballcap,no,no,no,no,Dark_Ballcap.png,https://stardewvalleywiki.com/Dark_Ballcap
Dark Boots,no,no,no,no,Dark_Boots.png,https://stardewvalleywiki.com/Dark_Boots
Dark Cowboy Hat,no,no,no,no,Dark_Cowboy_Hat.png,https://stardewvalleywiki.com/Dark_Cowboy_Hat
Dark Sword,no,no,no,no,Dark_Sword.png,https://stardewvalleywiki.com/Dark_Sword
Dark Velvet Bow,no,no,no,no,Dark_Velvet_Bow.png,https://stardewvalleywiki.com/Dark_Velvet_Bow
Delicate Bow,no,no,no,no,Delicate_Bow.png,https://stardewvalleywiki.com/Delicate_Bow
Deluxe Bait,no,no,no,no,Deluxe_Bait.png,https://stardewvalleywiki.com/Deluxe_Bait
Deluxe Cowboy Hat,no,no,yes,no,Deluxe_Cowboy_Hat.png,https://stardewvalleywiki.com/Deluxe_Cowboy_Hat
Deluxe Fertilizer,no,no,yes,no,Deluxe_Fertilizer.png,https://stardewvalleywiki.com/Deluxe_Fertilizer
Deluxe Pirate Hat,no,no,yes,no,Deluxe_Pirate_Hat.png,https://stardewvalleywiki.com/Deluxe_Pirate_Hat
Deluxe Retaining Soil,no,no,yes,no,Deluxe_Retaining_Soil.png,https://stardewvalleywiki.com/Deluxe_Retaining_Soil
Deluxe Speed-Gro,no,no,no,no,Deluxe_Speed-Gro.png,https://stardewvalleywiki.com/Deluxe_Speed-Gro
Diamond,no,no,no,no,Diamond.png,https://stardewvalleywiki.com/Diamond
Dinosaur Egg,no,no,no,no,Dinosaur_Egg.png,https://stardewvalleywiki.com/Dinosaur_Egg
Dinosaur Hat,no,no,no,no,Dinosaur_Hat.png,https://stardewvalleywiki.com/Dinosaur_Hat
Dinosaur Mayonnaise,no,no,no,no,Dinosaur_Mayonnaise.png,https://stardewvalleywiki.com/Dinosaur_Mayonnaise
Dish O' The Sea,no,no,no,no,Dish_O_The_Sea.png,https://stardewvalleywiki.com/Dish_O'_The_Sea
Dolomite,no,no,no,yes,Dolomite.png,https://stardewvalleywiki.com/Dolomite
Dorado,no,no,no,no,Dorado.png,https://stardewvalleywiki.com/Dorado
Dragon Tooth,no,no,yes,no,Dragon_Tooth.png,https://stardewvalleywiki.com/Dragon_Tooth
Dragonscale Boots,no,no,yes,no,Dragonscale_Boots.png,https://stardewvalleywiki.com/Dragonscale_Boots
Dragontooth Club,no,no,yes,no,Dragontooth_Club.png,https://stardewvalleywiki.com/Dragontooth_Club
Dragontooth Cutlass,no,no,yes,no,Dragontooth_Cutlass.png,https://stardewvalleywiki.com/Dragontooth_Cutlass
Dragontooth Shiv,no,no,yes,no,Dragontooth_Shiv.png,https://stardewvalleywiki.com/Dragontooth_Shiv
Dressed Spinner,no,no,no,no,Dressed_Spinner.png,https://stardewvalleywiki.com/Dressed_Spinner
Dried Starfish,no,no,no,no,Dried_Starfish.png,https://stardewvalleywiki.com/Dried_Starfish
Driftwood,no,no,no,no,Driftwood.png,https://stardewvalleywiki.com/Driftwood
Drum Block,no,no,no,no,Drum_Block.png,https://stardewvalleywiki.com/Drum_Block
Duck Egg,no,no,no,no,Duck_Egg.png,https://stardewvalleywiki.com/Duck_Egg
Duck Feather,no,no,no,no,Duck_Feather.png,https://stardewvalleywiki.com/Duck_Feather
Duck Mayonnaise,no,no,no,no,Duck_Mayonnaise.png,https://stardewvalleywiki.com/Duck_Mayonnaise
Dwarf Dagger,no,no,yes,no,Dwarf_Dagger.png,https://stardewvalleywiki.com/Dwarf_Dagger
Dwarf Gadget,no,no,no,no,Dwarf_Gadget.png,https://stardewvalleywiki.com/Dwarf_Gadget
Dwarf Hammer,no,no,yes,no,Dwarf_Hammer.png,https://stardewvalleywiki.com/Dwarf_Hammer
Dwarf Scroll I,no,no,no,no,Dwarf_Scroll_I.png,https://stardewvalleywiki.com/Dwarf_Scroll_I
Dwarf Scroll II,no,no,no,no,Dwarf_Scroll_II.png,https://stardewvalleywiki.com/Dwarf_Scroll_II
Dwarf Scroll III,no,no,no,no,Dwarf_Scroll_III.png,https://stardewvalleywiki.com/Dwarf_Scroll_III
Dwarf Scroll IV,no,no,no,no,Dwarf_Scroll_IV.png,https://stardewvalleywiki.com/Dwarf_Scroll_IV
Dwarf Sword,no,no,yes,no,Dwarf_Sword.png,https://stardewvalleywiki.com/Dwarf_Sword
Dwarvish Helm,no,no,no,no,Dwarvish_Helm.png,https://stardewvalleywiki.com/Dwarvish_Helm
Dwarvish Safety Manual,no,no,no,no,Dwarvish_Safety_Manual.png,https://stardewvalleywiki.com/Dwarvish_Safety_Manual
Dwarvish Translation Guide,no,no,no,no,Dwarvish_Translation_Guide.png,https://stardewvalleywiki.com/Dwarvish_Translation_Guide
Earmuffs,no,no,no,no,Earmuffs.png,https://stardewvalleywiki.com/Earmuffs
Earth Crystal,no,no,no,no,Earth_Crystal.png,https://stardewvalleywiki.com/Earth_Crystal
Ectoplasm,no,no,no,no,Ectoplasm.png,https://stardewvalleywiki.com/Ectoplasm
Eel,no,no,no,no,Eel.png,https://stardewvalleywiki.com/Eel
Egg,no,no,no,no,Egg.png,https://stardewvalleywiki.com/Egg
Eggplant,no,no,no,no,Eggplant.png,https://stardewvalleywiki.com/Eggplant
Eggplant Parmesan,no,no,no,no,Eggplant_Parmesan.png,https://stardewvalleywiki.com/Eggplant_Parmesan
Eggplant Seeds,no,no,no,no,Eggplant_Seeds.png,https://stardewvalleywiki.com/Eggplant_Seeds
Elegant Turban,yes,yes,yes,no,Elegant_Turban.png,https://stardewvalleywiki.com/Elegant_Turban
Elf Blade,no,no,no,no,Elf_Blade.png,https://stardewvalleywiki.com/Elf_Blade
Elliott's Pencil,no,no,no,no,Elliotts_Pencil.png,https://stardewvalleywiki.com/Elliott's_Pencil
Elvish Jewelry,no,no,no,no,Elvish_Jewelry.png,https://stardewvalleywiki.com/Elvish_Jewelry
Emerald,no,no,no,no,Emerald.png,https://stardewvalleywiki.com/Emerald
Emerald Ring,no,no,no,no,Emerald_Ring.png,https://stardewvalleywiki.com/Emerald_Ring
Emily's Magic Boots,no,no,no,no,Emilys_Magic_Boots.png,https://stardewvalleywiki.com/Emily's_Magic_Boots
Emily's Magic Hat,no,no,no,no,Emilys_Magic_Hat.png,https://stardewvalleywiki.com/Emily's_Magic_Hat
Emily's Magic Shirt,no,no,no,no,Emilys_Magic_Shirt.png,https://stardewvalleywiki.com/Emily's_Magic_Shirt
Energy Tonic,no,no,no,no,Energy_Tonic.png,https://stardewvalleywiki.com/Energy_Tonic
Enricher,no,no,yes,no,Enricher.png,https://stardewvalleywiki.com/Enricher
Escargot,no,no,no,no,Escargot.png,https://stardewvalleywiki.com/Escargot
Esperite,no,no,no,yes,Esperite.png,https://stardewvalleywiki.com/Esperite
Explosive Ammo,no,no,no,no,Explosive_Ammo.png,https://stardewvalleywiki.com/Explosive_Ammo
Eye Patch,no,no,yes,no,Eye_Patch.png,https://stardewvalleywiki.com/Eye_Patch
Fairy Box,no,yes,no,no,Fairy_Box.png,https://stardewvalleywiki.com/Fairy_Box
Fairy Dust,no,no,yes,no,Fairy_Dust.png,https://stardewvalleywiki.com/Fairy_Dust
Fairy Rose,no,no,no,no,Fairy_Rose.png,https://stardewvalleywiki.com/Fairy_Rose
Fairy Seeds,no,no,no,no,Fairy_Seeds.png,https://stardewvalleywiki.com/Fairy_Seeds
Fairy Stone,no,no,no,yes,Fairy_Stone.png,https://stardewvalleywiki.com/Fairy_Stone
Fall Seeds,no,no,no,no,Fall_Seeds.png,https://stardewvalleywiki.com/Fall_Seeds
Far Away Stone,no,no,no,no,Far_Away_Stone.png,https://stardewvalleywiki.com/Far_Away_Stone
Farmer's Lunch,no,no,no,no,Farmers_Lunch.png,https://stardewvalleywiki.com/Farmer's_Lunch
Fashion Hat,no,no,no,no,Fashion_Hat.png,https://stardewvalleywiki.com/Fashion_Hat
Fedora,no,no,no,no,Fedora.png,https://stardewvalleywiki.com/Fedora
Femur,no,no,no,no,Femur.png,https://stardewvalleywiki.com/Femur
Fiber,no,no,no,no,Fiber.png,https://stardewvalleywiki.com/Fiber
Fiber Seeds,no,no,no,no,Fiber_Seeds.png,https://stardewvalleywiki.com/Fiber_Seeds
Fiberglass Rod,no,no,no,no,Fiberglass_Rod.png,https://stardewvalleywiki.com/Fiberglass_Rod
Fiddlehead Fern,no,no,no,no,Fiddlehead_Fern.png,https://stardewvalleywiki.com/Fiddlehead_Fern
Fiddlehead Risotto,no,no,no,no,Fiddlehead_Risotto.png,https://stardewvalleywiki.com/Fiddlehead_Risotto
Field Snack,no,no,no,no,Field_Snack.png,https://stardewvalleywiki.com/Field_Snack
Fire Opal,no,no,no,yes,Fire_Opal.png,https://stardewvalleywiki.com/Fire_Opal
Fire Quartz,no,no,no,no,Fire_Quartz.png,https://stardewvalleywiki.com/Fire_Quartz
Firewalker Boots,no,no,no,no,Firewalker_Boots.png,https://stardewvalleywiki.com/Firewalker_Boots
Fireworks (Green),no,no,no,no,Fireworks_Green.png,https://stardewvalleywiki.com/Fireworks_(Green)
Fireworks (Purple),no,no,no,no,Fireworks_Purple.png,https://stardewvalleywiki.com/Fireworks_(Purple)
Fireworks (Red),no,no,no,no,Fireworks_Red.png,https://stardewvalleywiki.com/Fireworks_(Red)
Fish Stew,no,no,no,no,Fish_Stew.png,https://stardewvalleywiki.com/Fish_Stew
Fish Taco,no,no,no,no,Fish_Taco.png,https://stardewvalleywiki.com/Fish_Taco
Fishing Hat,no,no,no,no,Fishing_Hat.png,https://stardewvalleywiki.com/Fishing_Hat
Flat Topped Hat,no,no,no,no,Flat_Topped_Hat.png,https://stardewvalleywiki.com/Flat_Topped_Hat
Floppy Beanie,no,no,no,no,Floppy_Beanie.png,https://stardewvalleywiki.com/Floppy_Beanie
Flounder,no,no,no,no,Flounder.png,https://stardewvalleywiki.com/Flounder
Fluorapatite,no,no,no,yes,Fluorapatite.png,https://stardewvalleywiki.com/Fluorapatite
Flute Block,no,no,no,no,Flute_Block.png,https://stardewvalleywiki.com/Flute_Block
Forager's Hat,no,no,yes,no,Foragers_Hat.png,https://stardewvalleywiki.com/Forager's_Hat
Forest Sword,no,no,no,no,Forest_Sword.png,https://stardewvalleywiki.com/Forest_Sword
Fossilized Leg,no,no,yes,no,Fossilized_Leg.png,https://stardewvalleywiki.com/Fossilized_Leg
Fossilized Ribs,no,no,yes,no,Fossilized_Ribs.png,https://stardewvalleywiki.com/Fossilized_Ribs
Fossilized Skull,no,no,yes,no,Fossilized_Skull.png,https://stardewvalleywiki.com/Fossilized_Skull
Fossilized Spine,no,no,yes,no,Fossilized_Spine.png,https://stardewvalleywiki.com/Fossilized_Spine
Fossilized Tail,no,no,yes,no,Fossilized_Tail.png,https://stardewvalleywiki.com/Fossilized_Tail
Fried Calamari,no,no,no,no,Fried_Calamari.png,https://stardewvalleywiki.com/Fried_Calamari
Fried Eel,no,no,no,no,Fried_Eel.png,https://stardewvalleywiki.com/Fried_Eel
Fried Egg,no,no,no,no,Fried_Egg.png,https://stardewvalleywiki.com/Fried_Egg
Fried Mushroom,no,no,no,no,Fried_Mushroom.png,https://stardewvalleywiki.com/Fried_Mushroom
Friendship 101,no,no,no,no,Friendship_101.png,https://stardewvalleywiki.com/Friendship_101
Frog Egg,no,yes,no,no,Frog_Egg.png,https://stardewvalleywiki.com/Frog_Egg
Frog Hat,no,no,yes,no,Frog_Hat.png,https://stardewvalleywiki.com/Frog_Hat
Frozen Geode,no,no,no,no,Frozen_Geode.png,https://stardewvalleywiki.com/Frozen_Geode
Frozen Tear,no,no,no,no,Frozen_Tear.png,https://stardewvalleywiki.com/Frozen_Tear
Fruit Salad,no,no,no,no,Fruit_Salad.png,https://stardewvalleywiki.com/Fruit_Salad
Galaxy Dagger,no,no,no,no,Galaxy_Dagger.png,https://stardewvalleywiki.com/Galaxy_Dagger
Galaxy Hammer,no,no,no,no,Galaxy_Hammer.png,https://stardewvalleywiki.com/Galaxy_Hammer
Galaxy Soul,no,no,yes,no,Galaxy_Soul.png,https://stardewvalleywiki.com/Galaxy_Soul
Galaxy Sword,no,no,no,no,Galaxy_Sword.png,https://stardewvalleywiki.com/Galaxy_Sword
Garbage Hat,no,no,no,no,Garbage_Hat.png,https://stardewvalleywiki.com/Garbage_Hat
Garlic,no,no,no,no,Garlic.png,https://stardewvalleywiki.com/Garlic
Garlic Seeds,no,no,no,no,Garlic_Seeds.png,https://stardewvalleywiki.com/Garlic_Seeds
Gate,no,no,no,no,Gate.png,https://stardewvalleywiki.com/Gate
Geminite,no,no,no,yes,Geminite.png,https://stardewvalleywiki.com/Geminite
Genie Shoes,no,no,no,no,Genie_Shoes.png,https://stardewvalleywiki.com/Genie_Shoes
Geode,no,no,no,no,Geode.png,https://stardewvalleywiki.com/Geode
Ghost Crystal,no,no,no,yes,Ghost_Crystal.png,https://stardewvalleywiki.com/Ghost_Crystal
Ghostfish,no,no,no,no,Ghostfish.png,https://stardewvalleywiki.com/Ghostfish
Gil's Hat,no,no,no,no,Gils_Hat.png,https://stardewvalleywiki.com/Gil's_Hat
Ginger,no,no,yes,no,Ginger.png,https://stardewvalleywiki.com/Ginger
Ginger Ale,no,no,yes,no,Ginger_Ale.png,https://stardewvalleywiki.com/Ginger_Ale
Glacierfish,no,no,no,no,Glacierfish.png,https://stardewvalleywiki.com/Glacierfish
Glacierfish Jr.,no,no,yes,no,Glacierfish_Jr.png,https://stardewvalleywiki.com/Glacierfish_Jr.
Glass Shards,no,no,no,no,Glass_Shards.png,https://stardewvalleywiki.com/Glass_Shards
Glazed Yams,no,no,no,no,Glazed_Yams.png,https://stardewvalleywiki.com/Glazed_Yams
Glow Ring,no,no,no,no,Glow_Ring.png,https://stardewvalleywiki.com/Glow_Ring
Glowstone Ring,no,no,no,no,Glowstone_Ring.png,https://stardewvalleywiki.com/Glowstone_Ring
Gnome's Cap,no,no,yes,no,Gnomes_Cap.png,https://stardewvalleywiki.com/Gnome's_Cap
Goat Cheese,no,no,no,no,Goat_Cheese.png,https://stardewvalleywiki.com/Goat_Cheese
Goat Milk,no,no,no,no,Goat_Milk.png,https://stardewvalleywiki.com/Goat_Milk
Goblin Mask,no,no,yes,no,Goblin_Mask.png,https://stardewvalleywiki.com/Goblin_Mask
Goby,no,no,no,no,Goby.png,https://stardewvalleywiki.com/Goby
Goggles,no,no,no,no,Goggles.png,https://stardewvalleywiki.com/Goggles
Gold Axe,no,no,no,no,Gold_Axe.png,https://stardewvalleywiki.com/Gold_Axe
Gold Bar,no,no,no,no,Gold_Bar.png,https://stardewvalleywiki.com/Gold_Bar
Gold Hoe,no,no,no,no,Gold_Hoe.png,https://stardewvalleywiki.com/Gold_Hoe
Gold Ore,no,no,no,no,Gold_Ore.png,https://stardewvalleywiki.com/Gold_Ore
Gold Pan,no,no,no,no,Gold_Pan.png,https://stardewvalleywiki.com/Gold_Pan
Gold Pickaxe,no,no,no,no,Gold_Pickaxe.png,https://stardewvalleywiki.com/Gold_Pickaxe
Gold Watering Can,no,no,no,no,Gold_Watering_Can.png,https://stardewvalleywiki.com/Gold_Watering_Can
Golden Animal Cracker,no,yes,no,no,Golden_Animal_Cracker.png,https://stardewvalleywiki.com/Golden_Animal_Cracker
Golden Bobber,no,no,no,no,Golden_Bobber.png,https://stardewvalleywiki.com/Golden_Bobber
Golden Coconut,no,no,yes,no,Golden_Coconut.png,https://stardewvalleywiki.com/Golden_Coconut
Golden Egg,yes,yes,yes,no,Golden_Egg.png,https://stardewvalleywiki.com/Golden_Egg
Golden Helmet,no,no,yes,no,Golden_Helmet.png,https://stardewvalleywiki.com/Golden_Helmet
Golden Mask,no,no,no,no,Golden_Mask.png,https://stardewvalleywiki.com/Golden_Mask
Golden Mystery Box,no,yes,no,no,Golden_Mystery_Box.png,https://stardewvalleywiki.com/Golden_Mystery_Box
Golden Pumpkin,no,no,no,no,Golden_Pumpkin.png,https://stardewvalleywiki.com/Golden_Pumpkin
Golden Relic,no,no,no,no,Golden_Relic.png,https://stardewvalleywiki.com/Golden_Relic
Golden Scythe,no,no,no,no,Golden_Scythe.png,https://stardewvalleywiki.com/Golden_Scythe
Golden Spur,no,yes,no,no,Golden_Spur.png,https://stardewvalleywiki.com/Golden_Spur
Golden Tag,no,no,no,no,Golden_Tag.png,https://stardewvalleywiki.com/Golden_Tag
Good Ol' Cap,no,no,no,no,Good_Ol_Cap.png,https://stardewvalleywiki.com/Good_Ol'_Cap
Gourmet Tomato Salt,no,no,yes,no,Gourmet_Tomato_Salt.png,https://stardewvalleywiki.com/Gourmet_Tomato_Salt
Governor's Hat,no,no,no,no,Governors_Hat.png,https://stardewvalleywiki.com/Governor's_Hat
Granite,no,no,no,yes,Granite.png,https://stardewvalleywiki.com/Granite
Grape,no,no,no,no,Grape.png,https://stardewvalleywiki.com/Grape
Grape Starter,no,no,no,no,Grape_Starter.png,https://stardewvalleywiki.com/Grape_Starter
Grass Starter,no,no,no,no,Grass_Starter.png,https://stardewvalleywiki.com/Grass_Starter
Gravel Path,no,no,no,no,Gravel_Path.png,https://stardewvalleywiki.com/Gravel_Path
Green Algae,no,no,no,no,Green_Algae.png,https://stardewvalleywiki.com/Green_Algae
Green Bean,no,no,no,no,Green_Bean.png,https://stardewvalleywiki.com/Green_Bean
Green Slime Egg,no,no,no,no,Green_Slime_Egg.png,https://stardewvalleywiki.com/Green_Slime_Egg
Green Tea,no,no,no,no,Green_Tea.png,https://stardewvalleywiki.com/Green_Tea
Green Turban,no,no,no,no,Green_Turban.png,https://stardewvalleywiki.com/Green_Turban
Hair Bone,no,no,no,no,Hair_Bone.png,https://stardewvalleywiki.com/Hair_Bone
Haley's Iron,no,no,no,no,Haleys_Iron.png,https://stardewvalleywiki.com/Haley's_Iron
Halibut,no,no,no,no,Halibut.png,https://stardewvalleywiki.com/Halibut
Hard Hat,no,no,no,no,Hard_Hat.png,https://stardewvalleywiki.com/Hard_Hat
Hardwood,no,no,no,no,Hardwood.png,https://stardewvalleywiki.com/Hardwood
Hardwood Fence,no,no,no,no,Hardwood_Fence.png,https://stardewvalleywiki.com/Hardwood_Fence
Harvey's Mallet,no,no,no,no,Harveys_Mallet.png,https://stardewvalleywiki.com/Harvey's_Mallet
Hashbrowns,no,no,no,no,Hashbrowns.png,https://stardewvalleywiki.com/Hashbrowns
Hay,no,no,no,no,Hay.png,https://stardewvalleywiki.com/Hay
Hazelnut,no,no,no,no,Hazelnut.png,https://stardewvalleywiki.com/Hazelnut
Helvite,no,no,no,yes,Helvite.png,https://stardewvalleywiki.com/Helvite
Hematite,no,no,no,yes,Hematite.png,https://stardewvalleywiki.com/Hematite
Herring,no,no,no,no,Herring.png,https://stardewvalleywiki.com/Herring
Holly,no,no,no,no,Holly.png,https://stardewvalleywiki.com/Holly
Holy Blade,no,no,no,no,Holy_Blade.png,https://stardewvalleywiki.com/Holy_Blade
Honey,no,no,no,no,Honey.png,https://stardewvalleywiki.com/Honey
Hops,no,no,no,no,Hops.png,https://stardewvalleywiki.com/Hops
Hops Starter,no,no,no,no,Hops_Starter.png,https://stardewvalleywiki.com/Hops_Starter
Horse Flute,no,no,yes,no,Horse_Flute.png,https://stardewvalleywiki.com/Horse_Flute
Horse: The Book,no,no,no,no,Horse_The_Book.png,https://stardewvalleywiki.com/Horse:_The_Book
Hot Java Ring,no,no,yes,no,Hot_Java_Ring.png,https://stardewvalleywiki.com/Hot_Java_Ring
Hot Pepper,no,no,no,no,Hot_Pepper.png,https://stardewvalleywiki.com/Hot_Pepper
Hunter's Cap,no,no,no,no,Hunters_Cap.png,https://stardewvalleywiki.com/Hunter's_Cap
Hyper Speed-Gro,no,no,yes,no,Hyper_Speed-Gro.png,https://stardewvalleywiki.com/Hyper_Speed-Gro
Ice Cream,no,no,no,no,Ice_Cream.png,https://stardewvalleywiki.com/Ice_Cream
Ice Pip,no,no,no,no,Ice_Pip.png,https://stardewvalleywiki.com/Ice_Pip
Ice Rod,no,yes,no,no,Ice_Rod.png,https://stardewvalleywiki.com/Ice_Rod
Immunity Band,no,no,no,no,Immunity_Band.png,https://stardewvalleywiki.com/Immunity_Band
Infinity Blade,no,no,yes,no,Infinity_Blade.png,https://stardewvalleywiki.com/Infinity_Blade
Infinity Crown,no,no,yes,no,Infinity_Crown.png,https://stardewvalleywiki.com/Infinity_Crown
Infinity Dagger,no,no,yes,no,Infinity_Dagger.png,https://stardewvalleywiki.com/Infinity_Dagger
Infinity Gavel,no,no,yes,no,Infinity_Gavel.png,https://stardewvalleywiki.com/Infinity_Gavel
Insect Head,no,no,no,no,Insect_Head.png,https://stardewvalleywiki.com/Insect_Head
Iridium Axe,no,no,no,no,Iridium_Axe.png,https://stardewvalleywiki.com/Iridium_Axe
Iridium Band,no,no,no,no,Iridium_Band.png,https://stardewvalleywiki.com/Iridium_Band
Iridium Bar,no,no,no,no,Iridium_Bar.png,https://stardewvalleywiki.com/Iridium_Bar
Iridium Hoe,no,no,no,no,Iridium_Hoe.png,https://stardewvalleywiki.com/Iridium_Hoe
Iridium Needle,no,no,yes,no,Iridium_Needle.png,https://stardewvalleywiki.com/Iridium_Needle
Iridium Ore,no,no,no,no,Iridium_Ore.png,https://stardewvalleywiki.com/Iridium_Ore
Iridium Pan,no,no,no,no,Iridium_Pan.png,https://stardewvalleywiki.com/Iridium_Pan
Iridium Pickaxe,no,no,no,no,Iridium_Pickaxe.png,https://stardewvalleywiki.com/Iridium_Pickaxe
Iridium Rod,no,no,no,no,Iridium_Rod.png,https://stardewvalleywiki.com/Iridium_Rod
Iridium Scythe,no,yes,no,no,Iridium_Scythe.png,https://stardewvalleywiki.com/Iridium_Scythe
Iridium Sprinkler,no,no,no,no,Iridium_Sprinkler.png,https://stardewvalleywiki.com/Iridium_Sprinkler
Iridium Watering Can,no,no,no,no,Iridium_Watering_Can.png,https://stardewvalleywiki.com/Iridium_Watering_Can
Iron Bar,no,no,no,no,Iron_Bar.png,https://stardewvalleywiki.com/Iron_Bar
Iron Dirk,no,no,no,no,Iron_Dirk.png,https://stardewvalleywiki.com/Iron_Dirk
Iron Edge,no,no,no,no,Iron_Edge.png,https://stardewvalleywiki.com/Iron_Edge
Iron Fence,no,no,no,no,Iron_Fence.png,https://stardewvalleywiki.com/Iron_Fence
Iron Ore,no,no,no,no,Iron_Ore.png,https://stardewvalleywiki.com/Iron_Ore
"Jack Be Nimble, Jack Be Thick",no,no,no,no,Jack_Be_Nimble_Jack_Be_Thick.png,"https://stardewvalleywiki.com/Jack_Be_Nimble,_Jack_Be_Thick"
Jack-O-Lantern,no,no,no,no,Jack-O-Lantern.png,https://stardewvalleywiki.com/Jack-O-Lantern
Jade,no,no,no,no,Jade.png,https://stardewvalleywiki.com/Jade
Jade Ring,no,no,no,no,Jade_Ring.png,https://stardewvalleywiki.com/Jade_Ring
Jagoite,no,no,no,yes,Jagoite.png,https://stardewvalleywiki.com/Jagoite
Jamborite,no,no,no,yes,Jamborite.png,https://stardewvalleywiki.com/Jamborite
Jasper,no,no,no,yes,Jasper.png,https://stardewvalleywiki.com/Jasper
Jazz Seeds,no,no,no,no,Jazz_Seeds.png,https://stardewvalleywiki.com/Jazz_Seeds
Jelly,no,no,no,no,Jelly.png,https://stardewvalleywiki.com/Jelly
Jester Hat,no,no,no,no,Jester_Hat.png,https://stardewvalleywiki.com/Jester_Hat
Jewels Of The Sea,no,no,no,no,Jewels_Of_The_Sea.png,https://stardewvalleywiki.com/Jewels_Of_The_Sea
Joja Cap,no,no,no,no,Joja_Cap.png,https://stardewvalleywiki.com/Joja_Cap
Joja Cola,no,no,no,no,Joja_Cola.png,https://stardewvalleywiki.com/Joja_Cola
Juice,no,no,no,no,Juice.png,https://stardewvalleywiki.com/Juice
Junimo Hat,yes,yes,yes,no,Junimo_Hat.png,https://stardewvalleywiki.com/Junimo_Hat
Kale,no,no,no,no,Kale.png,https://stardewvalleywiki.com/Kale
Kale Seeds,no,no,no,no,Kale_Seeds.png,https://stardewvalleywiki.com/Kale_Seeds
Knight's Helmet,no,no,no,no,Knights_Helmet.png,https://stardewvalleywiki.com/Knight's_Helmet
Kudgel,no,no,no,no,Kudgel.png,https://stardewvalleywiki.com/Kudgel
Kyanite,no,no,no,yes,Kyanite.png,https://stardewvalleywiki.com/Kyanite
Large Egg,no,no,no,no,Large_Egg.png,https://stardewvalleywiki.com/Large_Egg
Large Milk,no,no,no,no,Large_Milk.png,https://stardewvalleywiki.com/Large_Milk
Largemouth Bass,no,no,no,no,Largemouth_Bass.png,https://stardewvalleywiki.com/Largemouth_Bass
Laurel Wreath Crown,no,no,no,no,Laurel_Wreath_Crown.png,https://stardewvalleywiki.com/Laurel_Wreath_Crown
Lava Eel,no,no,no,no,Lava_Eel.png,https://stardewvalleywiki.com/Lava_Eel
Lava Katana,no,no,no,no,Lava_Katana.png,https://stardewvalleywiki.com/Lava_Katana
Lead Bobber,no,no,no,no,Lead_Bobber.png,https://stardewvalleywiki.com/Lead_Bobber
Lead Rod,no,no,no,no,Lead_Rod.png,https://stardewvalleywiki.com/Lead_Rod
Leah's Whittler,no,no,no,no,Leahs_Whittler.png,https://stardewvalleywiki.com/Leah's_Whittler
Leather Boots,no,no,no,no,Leather_Boots.png,https://stardewvalleywiki.com/Leather_Boots
Leek,no,no,no,no,Leek.png,https://stardewvalleywiki.com/Leek
Legend,no,no,no,no,Legend.png,https://stardewvalleywiki.com/Legend
Legend II,no,no,yes,no,Legend_II.png,https://stardewvalleywiki.com/Legend_II
Lemon Stone,no,no,no,yes,Lemon_Stone.png,https://stardewvalleywiki.com/Lemon_Stone
Leprechaun Hat,no,no,no,no,Leprechaun_Hat.png,https://stardewvalleywiki.com/Leprechaun_Hat
Leprechaun Shoes,no,no,no,no,Leprechaun_Shoes.png,https://stardewvalleywiki.com/Leprechaun_Shoes
Life Elixir,no,no,no,no,Life_Elixir.png,https://stardewvalleywiki.com/Life_Elixir
Limestone,no,no,no,yes,Limestone.png,https://stardewvalleywiki.com/Limestone
Lingcod,no,no,no,no,Lingcod.png,https://stardewvalleywiki.com/Lingcod
Lionfish,no,no,yes,no,Lionfish.png,https://stardewvalleywiki.com/Lionfish
Living Hat,no,no,no,no,Living_Hat.png,https://stardewvalleywiki.com/Living_Hat
Lobster,no,no,no,no,Lobster.png,https://stardewvalleywiki.com/Lobster
Lobster Bisque,no,no,no,no,Lobster_Bisque.png,https://stardewvalleywiki.com/Lobster_Bisque
Logo Cap,no,no,no,no,Logo_Cap.png,https://stardewvalleywiki.com/Logo_Cap
Luau Skirt,no,no,yes,no,Luau_Skirt.png,https://stardewvalleywiki.com/Luau_Skirt
Lucky Bow,no,no,no,no,Lucky_Bow.png,https://stardewvalleywiki.com/Lucky_Bow
Lucky Lunch,no,no,no,no,Lucky_Lunch.png,https://stardewvalleywiki.com/Lucky_Lunch
Lucky Purple Shorts,no,no,no,no,Lucky_Purple_Shorts.png,https://stardewvalleywiki.com/Lucky_Purple_Shorts
Lucky Ring,no,no,no,no,Lucky_Ring.png,https://stardewvalleywiki.com/Lucky_Ring
Lunarite,no,no,no,yes,Lunarite.png,https://stardewvalleywiki.com/Lunarite
Magic Bait,no,no,yes,no,Magic_Bait.png,https://stardewvalleywiki.com/Magic_Bait
Magic Cowboy Hat,no,no,no,no,Magic_Cowboy_Hat.png,https://stardewvalleywiki.com/Magic_Cowboy_Hat
Magic Hair Gel,no,yes,no,no,Magic_Hair_Gel.png,https://stardewvalleywiki.com/Magic_Hair_Gel
Magic Quiver,no,yes,no,no,Magic_Quiver.png,https://stardewvalleywiki.com/Magic_Quiver
Magic Rock Candy,no,no,no,no,Magic_Rock_Candy.png,https://stardewvalleywiki.com/Magic_Rock_Candy
Magic Turban,no,no,no,no,Magic_Turban.png,https://stardewvalleywiki.com/Magic_Turban
Magma Cap,no,no,yes,no,Magma_Cap.png,https://stardewvalleywiki.com/Magma_Cap
Magma Geode,no,no,no,no,Magma_Geode.png,https://stardewvalleywiki.com/Magma_Geode
Magnet,no,no,no,no,Magnet.png,https://stardewvalleywiki.com/Magnet
Magnet Ring,no,no,no,no,Magnet_Ring.png,https://stardewvalleywiki.com/Magnet_Ring
Mahogany Seed,no,no,no,no,Mahogany_Seed.png,https://stardewvalleywiki.com/Mahogany_Seed
Maki Roll,no,no,no,no,Maki_Roll.png,https://stardewvalleywiki.com/Maki_Roll
Malachite,no,no,no,yes,Malachite.png,https://stardewvalleywiki.com/Malachite
Mango,no,no,yes,no,Mango.png,https://stardewvalleywiki.com/Mango
Mango Sapling,no,no,yes,no,Mango_Sapling.png,https://stardewvalleywiki.com/Mango_Sapling
Mango Sticky Rice,no,no,yes,no,Mango_Sticky_Rice.png,https://stardewvalleywiki.com/Mango_Sticky_Rice
Maple Bar,no,no,no,no,Maple_Bar.png,https://stardewvalleywiki.com/Maple_Bar
Maple Seed,no,no,no,no,Maple_Seed.png,https://stardewvalleywiki.com/Maple_Seed
Maple Syrup,no,no,no,no,Maple_Syrup.png,https://stardewvalleywiki.com/Maple_Syrup
Mapping Cave Systems,no,no,no,no,Mapping_Cave_Systems.png,https://stardewvalleywiki.com/Mapping_Cave_Systems
Marble,no,no,no,yes,Marble.png,https://stardewvalleywiki.com/Marble
Maru's Wrench,no,no,no,no,Marus_Wrench.png,https://stardewvalleywiki.com/Maru's_Wrench
Master Slingshot,no,no,no,no,Master_Slingshot.png,https://stardewvalleywiki.com/Master_Slingshot
Mayonnaise,no,no,no,no,Mayonnaise.png,https://stardewvalleywiki.com/Mayonnaise
Mead,no,no,no,no,Mead.png,https://stardewvalleywiki.com/Mead
Mega Bomb,no,no,no,no,Mega_Bomb.png,https://stardewvalleywiki.com/Mega_Bomb
Melon,no,no,no,no,Melon.png,https://stardewvalleywiki.com/Melon
Melon Seeds,no,no,no,no,Melon_Seeds.png,https://stardewvalleywiki.com/Melon_Seeds
Meowmere,no,no,no,no,Meowmere.png,https://stardewvalleywiki.com/Meowmere
Mermaid Boots,no,no,yes,no,Mermaid_Boots.png,https://stardewvalleywiki.com/Mermaid_Boots
Mermaid's Pendant,no,no,no,no,Mermaids_Pendant.png,https://stardewvalleywiki.com/Mermaid's_Pendant
Midnight Carp,no,no,no,no,Midnight_Carp.png,https://stardewvalleywiki.com/Midnight_Carp
Midnight Squid,no,no,no,no,Midnight_Squid.png,https://stardewvalleywiki.com/Midnight_Squid
Milk,no,no,no,no,Milk.png,https://stardewvalleywiki.com/Milk
Milk Pail,no,no,no,no,Milk_Pail.png,https://stardewvalleywiki.com/Milk_Pail
Miner's Treat,no,no,no,no,Miners_Treat.png,https://stardewvalleywiki.com/Miner's_Treat
Mining Monthly,no,no,no,no,Mining_Monthly.png,https://stardewvalleywiki.com/Mining_Monthly
Mixed Flower Seeds,no,no,no,no,Mixed_Flower_Seeds.png,https://stardewvalleywiki.com/Mixed_Flower_Seeds
Mixed Seeds,no,no,no,no,Mixed_Seeds.png,https://stardewvalleywiki.com/Mixed_Seeds
Monster Compendium,no,no,no,no,Monster_Compendium.png,https://stardewvalleywiki.com/Monster_Compendium
Monster Musk,no,no,no,no,Monster_Musk.png,https://stardewvalleywiki.com/Monster_Musk
Morel,no,no,no,no,Morel.png,https://stardewvalleywiki.com/Morel
Moss,no,no,no,no,Moss.png,https://stardewvalleywiki.com/Moss
Moss Soup,no,no,no,no,Moss_Soup.png,https://stardewvalleywiki.com/Moss_Soup
Mossy Seed,no,no,no,no,Mossy_Seed.png,https://stardewvalleywiki.com/Mossy_Seed
Mouse Ears,no,no,no,no,Mouse_Ears.png,https://stardewvalleywiki.com/Mouse_Ears
Movie Ticket,no,no,no,no,Movie_Ticket.png,https://stardewvalleywiki.com/Movie_Ticket
Mr. Qi's Hat,no,no,yes,no,Mr_Qis_Hat.png,https://stardewvalleywiki.com/Mr._Qi's_Hat
Ms. Angler,no,no,yes,no,Ms_Angler.png,https://stardewvalleywiki.com/Ms._Angler
Mudstone,no,no,no,yes,Mudstone.png,https://stardewvalleywiki.com/Mudstone
Mummified Bat,no,no,yes,no,Mummified_Bat.png,https://stardewvalleywiki.com/Mummified_Bat
Mummified Frog,no,no,yes,no,Mummified_Frog.png,https://stardewvalleywiki.com/Mummified_Frog
Mummy Mask,no,no,no,no,Mummy_Mask.png,https://stardewvalleywiki.com/Mummy_Mask
Muscle Remedy,no,no,no,no,Muscle_Remedy.png,https://stardewvalleywiki.com/Muscle_Remedy
Mushroom Cap,no,no,no,no,Mushroom_Cap.png,https://stardewvalleywiki.com/Mushroom_Cap
Mushroom Tree Seed,no,no,no,no,Mushroom_Tree_Seed.png,https://stardewvalleywiki.com/Mushroom_Tree_Seed
Mussel,no,no,no,no,Mussel.png,https://stardewvalleywiki.com/Mussel
Mutant Carp,no,no,no,no,Mutant_Carp.png,https://stardewvalleywiki.com/Mutant_Carp
Mystery Box,no,no,no,no,Mystery_Box.png,https://stardewvalleywiki.com/Mystery_Box
Mystery Hat,no,no,no,no,Mystery_Hat.png,https://stardewvalleywiki.com/Mystery_Hat
Mystery Shirt,no,no,no,no,Mystery_Shirt.png,https://stardewvalleywiki.com/Mystery_Shirt
Mystic Syrup,no,yes,no,no,Mystic_Syrup.png,https://stardewvalleywiki.com/Mystic_Syrup
Mystic Tree Seed,no,yes,no,no,Mystic_Tree_Seed.png,https://stardewvalleywiki.com/Mystic_Tree_Seed
Napalm Ring,no,no,no,no,Napalm_Ring.png,https://stardewvalleywiki.com/Napalm_Ring
Nautilus Fossil,no,no,no,no,Nautilus_Fossil.png,https://stardewvalleywiki.com/Nautilus_Fossil
Nautilus Shell,no,no,no,no,Nautilus_Shell.png,https://stardewvalleywiki.com/Nautilus_Shell
Nekoite,no,no,no,yes,Nekoite.png,https://stardewvalleywiki.com/Nekoite
Neptune's Glaive,no,no,no,no,Neptunes_Glaive.png,https://stardewvalleywiki.com/Neptune's_Glaive
Neptunite,no,no,no,yes,Neptunite.png,https://stardewvalleywiki.com/Neptunite
Oak Resin,no,no,no,no,Oak_Resin.png,https://stardewvalleywiki.com/Oak_Resin
Obsidian,no,no,no,yes,Obsidian.png,https://stardewvalleywiki.com/Obsidian
Obsidian Edge,no,no,no,no,Obsidian_Edge.png,https://stardewvalleywiki.com/Obsidian_Edge
Ocean Stone,no,no,no,yes,Ocean_Stone.png,https://stardewvalleywiki.com/Ocean_Stone
Octopus,no,no,no,no,Octopus.png,https://stardewvalleywiki.com/Octopus
Official Cap,no,no,no,no,Official_Cap.png,https://stardewvalleywiki.com/Official_Cap
Oil,no,no,no,no,Oil.png,https://stardewvalleywiki.com/Oil
Oil of Garlic,no,no,no,no,Oil_of_Garlic.png,https://stardewvalleywiki.com/Oil_of_Garlic
Ol' Slitherlegs,no,no,no,no,Ol_Slitherlegs.png,https://stardewvalleywiki.com/Ol'_Slitherlegs
Omelet,no,no,no,no,Omelet.png,https://stardewvalleywiki.com/Omelet
Omni Geode,no,no,no,no,Omni_Geode.png,https://stardewvalleywiki.com/Omni_Geode
Opal,no,no,no,yes,Opal.png,https://stardewvalleywiki.com/Opal
Orange,no,no,no,no,Orange.png,https://stardewvalleywiki.com/Orange
Orange Sapling,no,no,no,no,Orange_Sapling.png,https://stardewvalleywiki.com/Orange_Sapling
Ornamental Fan,no,no,no,no,Ornamental_Fan.png,https://stardewvalleywiki.com/Ornamental_Fan
Ornate Necklace,no,no,no,no,Ornate_Necklace.png,https://stardewvalleywiki.com/Ornate_Necklace
Orpiment,no,no,no,yes,Orpiment.png,https://stardewvalleywiki.com/Orpiment
Ossified Blade,no,no,no,no,Ossified_Blade.png,https://stardewvalleywiki.com/Ossified_Blade
Ostrich Egg,no,no,yes,no,Ostrich_Egg.png,https://stardewvalleywiki.com/Ostrich_Egg
Oyster,no,no,no,no,Oyster.png,https://stardewvalleywiki.com/Oyster
Pageboy Cap,no,no,yes,no,Pageboy_Cap.png,https://stardewvalleywiki.com/Pageboy_Cap
Pale Ale,no,no,no,no,Pale_Ale.png,https://stardewvalleywiki.com/Pale_Ale
Pale Broth,no,no,no,no,Pale_Broth.png,https://stardewvalleywiki.com/Pale_Broth
Palm Fossil,no,no,no,no,Palm_Fossil.png,https://stardewvalleywiki.com/Palm_Fossil
Pancakes,no,no,no,no,Pancakes.png,https://stardewvalleywiki.com/Pancakes
Paper Hat,no,no,yes,no,Paper_Hat.png,https://stardewvalleywiki.com/Paper_Hat
Parrot Egg,no,yes,no,no,Parrot_Egg.png,https://stardewvalleywiki.com/Parrot_Egg
Parsnip,no,no,no,no,Parsnip.png,https://stardewvalleywiki.com/Parsnip
Parsnip Seeds,no,no,no,no,Parsnip_Seeds.png,https://stardewvalleywiki.com/Parsnip_Seeds
Parsnip Soup,no,no,no,no,Parsnip_Soup.png,https://stardewvalleywiki.com/Parsnip_Soup
Peach,no,no,no,no,Peach.png,https://stardewvalleywiki.com/Peach
Peach Sapling,no,no,no,no,Peach_Sapling.png,https://stardewvalleywiki.com/Peach_Sapling
Pearl,no,no,no,no,Pearl.png,https://stardewvalleywiki.com/Pearl
Penny's Fryer,no,no,no,no,Pennys_Fryer.png,https://stardewvalleywiki.com/Penny's_Fryer
Pepper Poppers,no,no,no,no,Pepper_Poppers.png,https://stardewvalleywiki.com/Pepper_Poppers
Pepper Seeds,no,no,no,no,Pepper_Seeds.png,https://stardewvalleywiki.com/Pepper_Seeds
Perch,no,no,no,no,Perch.png,https://stardewvalleywiki.com/Perch
Periwinkle,no,no,no,no,Periwinkle.png,https://stardewvalleywiki.com/Periwinkle
Petrified Slime,no,no,no,yes,Petrified_Slime.png,https://stardewvalleywiki.com/Petrified_Slime
Phoenix Ring,no,no,yes,no,Phoenix_Ring.png,https://stardewvalleywiki.com/Phoenix_Ring
Pickles,no,no,no,no,Pickles.png,https://stardewvalleywiki.com/Pickles
Pierre's Missing Stocklist,no,no,yes,no,Pierres_Missing_Stocklist.png,https://stardewvalleywiki.com/Pierre's_Missing_Stocklist
Pike,no,no,no,no,Pike.png,https://stardewvalleywiki.com/Pike
Pine Cone,no,no,no,no,Pine_Cone.png,https://stardewvalleywiki.com/Pine_Cone
Pine Tar,no,no,no,no,Pine_Tar.png,https://stardewvalleywiki.com/Pine_Tar
Pineapple,no,no,yes,no,Pineapple.png,https://stardewvalleywiki.com/Pineapple
Pineapple Seeds,no,no,yes,no,Pineapple_Seeds.png,https://stardewvalleywiki.com/Pineapple_Seeds
Pink Bow,no,no,yes,no,Pink_Bow.png,https://stardewvalleywiki.com/Pink_Bow
Pink Cake,no,no,no,no,Pink_Cake.png,https://stardewvalleywiki.com/Pink_Cake
Pirate Hat,no,no,no,no,Pirate_Hat.png,https://stardewvalleywiki.com/Pirate_Hat
Pirate's Locket,no,no,yes,no,Pirates_Locket.png,https://stardewvalleywiki.com/Pirate's_Locket
Pirate's Sword,no,no,no,no,Pirates_Sword.png,https://stardewvalleywiki.com/Pirate's_Sword
Pizza,no,no,no,no,Pizza.png,https://stardewvalleywiki.com/Pizza
Piña Colada,no,no,yes,no,Pina_Colada.png,https://stardewvalleywiki.com/Pina_Colada
Plum Chapeau,no,no,no,no,Plum_Chapeau.png,https://stardewvalleywiki.com/Plum_Chapeau
Plum Pudding,no,no,no,no,Plum_Pudding.png,https://stardewvalleywiki.com/Plum_Pudding
Poi,no,no,yes,no,Poi.png,https://stardewvalleywiki.com/Poi
Polka Bow,no,no,no,no,Polka_Bow.png,https://stardewvalleywiki.com/Polka_Bow
Pomegranate,no,no,no,no,Pomegranate.png,https://stardewvalleywiki.com/Pomegranate
Pomegranate Sapling,no,no,no,no,Pomegranate_Sapling.png,https://stardewvalleywiki.com/Pomegranate_Sapling
Poppy,no,no,no,no,Poppy.png,https://stardewvalleywiki.com/Poppy
Poppy Seeds,no,no,no,no,Poppy_Seeds.png,https://stardewvalleywiki.com/Poppy_Seeds
Poppyseed Muffin,no,no,no,no,Poppyseed_Muffin.png,https://stardewvalleywiki.com/Poppyseed_Muffin
Potato,no,no,no,no,Potato.png,https://stardewvalleywiki.com/Potato
Potato Seeds,no,no,no,no,Potato_Seeds.png,https://stardewvalleywiki.com/Potato_Seeds
Powdermelon,no,no,no,no,Powdermelon.png,https://stardewvalleywiki.com/Powdermelon
Powdermelon Seeds,no,no,no,no,Powdermelon_Seeds.png,https://stardewvalleywiki.com/Powdermelon_Seeds
Prehistoric Handaxe,no,no,no,no,Prehistoric_Handaxe.png,https://stardewvalleywiki.com/Prehistoric_Handaxe
Prehistoric Rib,no,no,no,no,Prehistoric_Rib.png,https://stardewvalleywiki.com/Prehistoric_Rib
Prehistoric Scapula,no,no,no,no,Prehistoric_Scapula.png,https://stardewvalleywiki.com/Prehistoric_Scapula
Prehistoric Skull,no,no,no,no,Prehistoric_Skull.png,https://stardewvalleywiki.com/Prehistoric_Skull
Prehistoric Tibia,no,no,no,no,Prehistoric_Tibia.png,https://stardewvalleywiki.com/Prehistoric_Tibia
Prehistoric Tool,no,no,no,no,Prehistoric_Tool.png,https://stardewvalleywiki.com/Prehistoric_Tool
Prehistoric Vertebra,no,no,no,no,Prehistoric_Vertebra.png,https://stardewvalleywiki.com/Prehistoric_Vertebra
Pressure Nozzle,no,no,yes,no,Pressure_Nozzle.png,https://stardewvalleywiki.com/Pressure_Nozzle
Price Catalogue,no,no,no,no,Price_Catalogue.png,https://stardewvalleywiki.com/Price_Catalogue
Prismatic Jelly,no,no,no,no,Prismatic_Jelly.png,https://stardewvalleywiki.com/Prismatic_Jelly
Prismatic Shard,no,no,no,no,Prismatic_Shard.png,https://stardewvalleywiki.com/Prismatic_Shard
Prize Ticket,no,no,no,no,Prize_Ticket.png,https://stardewvalleywiki.com/Prize_Ticket
Propeller Hat,no,no,no,no,Propeller_Hat.png,https://stardewvalleywiki.com/Propeller_Hat
Protection Ring,no,no,yes,no,Protection_Ring.png,https://stardewvalleywiki.com/Protection_Ring
Pufferfish,no,no,no,no,Pufferfish.png,https://stardewvalleywiki.com/Pufferfish
Pumpkin,no,no,no,no,Pumpkin.png,https://stardewvalleywiki.com/Pumpkin
Pumpkin Mask,no,no,no,no,Pumpkin_Mask.png,https://stardewvalleywiki.com/Pumpkin_Mask
Pumpkin Pie,no,no,no,no,Pumpkin_Pie.png,https://stardewvalleywiki.com/Pumpkin_Pie
Pumpkin Seeds,no,no,no,no,Pumpkin_Seeds.png,https://stardewvalleywiki.com/Pumpkin_Seeds
Pumpkin Soup,no,no,no,no,Pumpkin_Soup.png,https://stardewvalleywiki.com/Pumpkin_Soup
Purple Mushroom,no,no,no,no,Purple_Mushroom.png,https://stardewvalleywiki.com/Purple_Mushroom
Purple Slime Egg,no,no,no,no,Purple_Slime_Egg.png,https://stardewvalleywiki.com/Purple_Slime_Egg
Pyrite,no,no,no,yes,Pyrite.png,https://stardewvalleywiki.com/Pyrite
Qi Bean,no,no,yes,no,Qi_Bean.png,https://stardewvalleywiki.com/Qi_Bean
Qi Fruit,no,no,yes,no,Qi_Fruit.png,https://stardewvalleywiki.com/Qi_Fruit
Qi Gem,no,no,yes,no,Qi_Gem.png,https://stardewvalleywiki.com/Qi_Gem
Qi Mask,no,no,yes,no,Qi_Mask.png,https://stardewvalleywiki.com/Qi_Mask
Qi Seasoning,no,no,yes,no,Qi_Seasoning.png,https://stardewvalleywiki.com/Qi_Seasoning
Quality Bobber,no,no,no,no,Quality_Bobber.png,https://stardewvalleywiki.com/Quality_Bobber
Quality Fertilizer,no,no,no,no,Quality_Fertilizer.png,https://stardewvalleywiki.com/Quality_Fertilizer
Quality Retaining Soil,no,no,no,no,Quality_Retaining_Soil.png,https://stardewvalleywiki.com/Quality_Retaining_Soil
Quality Sprinkler,no,no,no,no,Quality_Sprinkler.png,https://stardewvalleywiki.com/Quality_Sprinkler
Quartz,no,no,no,no,Quartz.png,https://stardewvalleywiki.com/Quartz
Queen Of Sauce Cookbook,no,no,yes,no,Queen_Of_Sauce_Cookbook.png,https://stardewvalleywiki.com/Queen_Of_Sauce_Cookbook
Rabbit's Foot,no,no,no,no,Rabbits_Foot.png,https://stardewvalleywiki.com/Rabbit's_Foot
Raccoon Hat,no,no,no,no,Raccoon_Hat.png,https://stardewvalleywiki.com/Raccoon_Hat
Raccoon Journal,no,no,no,no,Raccoon_Journal.png,https://stardewvalleywiki.com/Raccoon_Journal
Radioactive Bar,no,no,yes,no,Radioactive_Bar.png,https://stardewvalleywiki.com/Radioactive_Bar
Radioactive Carp,no,no,yes,no,Radioactive_Carp.png,https://stardewvalleywiki.com/Radioactive_Carp
Radioactive Goggles,no,no,yes,no,Radioactive_Goggles.png,https://stardewvalleywiki.com/Radioactive_Goggles
Radioactive Ore,no,no,yes,no,Radioactive_Ore.png,https://stardewvalleywiki.com/Radioactive_Ore
Radish,no,no,no,no,Radish.png,https://stardewvalleywiki.com/Radish
Radish Salad,no,no,no,no,Radish_Salad.png,https://stardewvalleywiki.com/Radish_Salad
Radish Seeds,no,no,no,no,Radish_Seeds.png,https://stardewvalleywiki.com/Radish_Seeds
Rain Totem,no,no,no,no,Rain_Totem.png,https://stardewvalleywiki.com/Rain_Totem
Rainbow Shell,no,no,no,no,Rainbow_Shell.png,https://stardewvalleywiki.com/Rainbow_Shell
Rainbow Trout,no,no,no,no,Rainbow_Trout.png,https://stardewvalleywiki.com/Rainbow_Trout
Raisins,no,no,no,no,Raisins.png,https://stardewvalleywiki.com/Raisins
Rare Disc,no,no,no,no,Rare_Disc.png,https://stardewvalleywiki.com/Rare_Disc
Rare Seed,no,no,no,no,Rare_Seed.png,https://stardewvalleywiki.com/Rare_Seed
Red Cabbage,no,no,no,no,Red_Cabbage.png,https://stardewvalleywiki.com/Red_Cabbage
Red Cabbage Seeds,no,no,no,no,Red_Cabbage_Seeds.png,https://stardewvalleywiki.com/Red_Cabbage_Seeds
Red Cowboy Hat,no,no,no,no,Red_Cowboy_Hat.png,https://stardewvalleywiki.com/Red_Cowboy_Hat
Red Fez,no,no,no,no,Red_Fez.png,https://stardewvalleywiki.com/Red_Fez
Red Mullet,no,no,no,no,Red_Mullet.png,https://stardewvalleywiki.com/Red_Mullet
Red Mushroom,no,no,no,no,Red_Mushroom.png,https://stardewvalleywiki.com/Red_Mushroom
Red Plate,no,no,no,no,Red_Plate.png,https://stardewvalleywiki.com/Red_Plate
Red Slime Egg,no,no,no,no,Red_Slime_Egg.png,https://stardewvalleywiki.com/Red_Slime_Egg
Red Snapper,no,no,no,no,Red_Snapper.png,https://stardewvalleywiki.com/Red_Snapper
Refined Quartz,no,no,no,no,Refined_Quartz.png,https://stardewvalleywiki.com/Refined_Quartz
Return Scepter,no,no,no,no,Return_Scepter.png,https://stardewvalleywiki.com/Return_Scepter
Rhubarb,no,no,no,no,Rhubarb.png,https://stardewvalleywiki.com/Rhubarb
Rhubarb Pie,no,no,no,no,Rhubarb_Pie.png,https://stardewvalleywiki.com/Rhubarb_Pie
Rhubarb Seeds,no,no,no,no,Rhubarb_Seeds.png,https://stardewvalleywiki.com/Rhubarb_Seeds
Rice,no,no,no,no,Rice.png,https://stardewvalleywiki.com/Rice
Rice Pudding,no,no,no,no,Rice_Pudding.png,https://stardewvalleywiki.com/Rice_Pudding
Rice Shoot,no,no,no,no,Rice_Shoot.png,https://stardewvalleywiki.com/Rice_Shoot
Ring of Yoba,no,no,no,no,Ring_of_Yoba.png,https://stardewvalleywiki.com/Ring_of_Yoba
River Jelly,no,no,no,no,River_Jelly.png,https://stardewvalleywiki.com/River_Jelly
Roasted Hazelnuts,no,no,no,no,Roasted_Hazelnuts.png,https://stardewvalleywiki.com/Roasted_Hazelnuts
Roe,no,no,no,no,Roe.png,https://stardewvalleywiki.com/Roe
Roots Platter,no,no,no,no,Roots_Platter.png,https://stardewvalleywiki.com/Roots_Platter
Rotten Plant,no,no,no,no,Rotten_Plant.png,https://stardewvalleywiki.com/Rotten_Plant
Rubber Boots,no,no,no,no,Rubber_Boots.png,https://stardewvalleywiki.com/Rubber_Boots
Ruby,no,no,no,no,Ruby.png,https://stardewvalleywiki.com/Ruby
Ruby Ring,no,no,no,no,Ruby_Ring.png,https://stardewvalleywiki.com/Ruby_Ring
Rustic Plank Floor,no,no,no,no,Rustic_Plank_Floor.png,https://stardewvalleywiki.com/Rustic_Plank_Floor
Rusty Cog,no,no,no,no,Rusty_Cog.png,https://stardewvalleywiki.com/Rusty_Cog
Rusty Spoon,no,no,no,no,Rusty_Spoon.png,https://stardewvalleywiki.com/Rusty_Spoon
Rusty Spur,no,no,no,no,Rusty_Spur.png,https://stardewvalleywiki.com/Rusty_Spur
Rusty Sword,no,no,no,no,Rusty_Sword.png,https://stardewvalleywiki.com/Rusty_Sword
Sailor's Cap,no,no,no,no,Sailors_Cap.png,https://stardewvalleywiki.com/Sailor's_Cap
Salad,no,no,no,no,Salad.png,https://stardewvalleywiki.com/Salad
Salmon,no,no,no,no,Salmon.png,https://stardewvalleywiki.com/Salmon
Salmon Dinner,no,no,no,no,Salmon_Dinner.png,https://stardewvalleywiki.com/Salmon_Dinner
Salmonberry,no,no,no,no,Salmonberry.png,https://stardewvalleywiki.com/Salmonberry
Sam's Old Guitar,no,no,no,no,Sams_Old_Guitar.png,https://stardewvalleywiki.com/Sam's_Old_Guitar
Sandfish,no,no,no,no,Sandfish.png,https://stardewvalleywiki.com/Sandfish
Sandstone,no,no,no,yes,Sandstone.png,https://stardewvalleywiki.com/Sandstone
Santa Hat,no,no,no,no,Santa_Hat.png,https://stardewvalleywiki.com/Santa_Hat
Sap,no,no,no,no,Sap.png,https://stardewvalleywiki.com/Sap
Sardine,no,no,no,no,Sardine.png,https://stardewvalleywiki.com/Sardine
Sashimi,no,no,no,no,Sashimi.png,https://stardewvalleywiki.com/Sashimi
Savage Ring,no,no,no,no,Savage_Ring.png,https://stardewvalleywiki.com/Savage_Ring
Scorpion Carp,no,no,no,no,Scorpion_Carp.png,https://stardewvalleywiki.com/Scorpion_Carp
Sea Cucumber,no,no,no,no,Sea_Cucumber.png,https://stardewvalleywiki.com/Sea_Cucumber
Sea Jelly,no,no,no,no,Sea_Jelly.png,https://stardewvalleywiki.com/Sea_Jelly
Sea Urchin,no,no,no,no,Sea_Urchin.png,https://stardewvalleywiki.com/Sea_Urchin
Seafoam Pudding,no,no,no,no,Seafoam_Pudding.png,https://stardewvalleywiki.com/Seafoam_Pudding
Seaweed,no,no,no,no,Seaweed.png,https://stardewvalleywiki.com/Seaweed
Seb's Lost Mace,no,no,no,no,Sebs_Lost_Mace.png,https://stardewvalleywiki.com/Seb's_Lost_Mace
Secret Note,no,no,no,no,Secret_Note.png,https://stardewvalleywiki.com/Secret_Note
Shad,no,no,no,no,Shad.png,https://stardewvalleywiki.com/Shad
Shadow Dagger,no,no,no,no,Shadow_Dagger.png,https://stardewvalleywiki.com/Shadow_Dagger
Shears,no,no,no,no,Shears.png,https://stardewvalleywiki.com/Shears
Shrimp,no,no,no,no,Shrimp.png,https://stardewvalleywiki.com/Shrimp
Shrimp Cocktail,no,no,no,no,Shrimp_Cocktail.png,https://stardewvalleywiki.com/Shrimp_Cocktail
Silver Saber,no,no,no,no,Silver_Saber.png,https://stardewvalleywiki.com/Silver_Saber
Skeletal Hand,no,no,no,no,Skeletal_Hand.png,https://stardewvalleywiki.com/Skeletal_Hand
Skeletal Tail,no,no,no,no,Skeletal_Tail.png,https://stardewvalleywiki.com/Skeletal_Tail
Skeleton Mask,no,no,no,no,Skeleton_Mask.png,https://stardewvalleywiki.com/Skeleton_Mask
Slate,no,no,no,yes,Slate.png,https://stardewvalleywiki.com/Slate
Slime,no,no,no,no,Slime.png,https://stardewvalleywiki.com/Slime
Slime Charmer Ring,no,no,no,no,Slime_Charmer_Ring.png,https://stardewvalleywiki.com/Slime_Charmer_Ring
Slimejack,no,no,no,no,Slimejack.png,https://stardewvalleywiki.com/Slimejack
Slingshot,no,no,no,no,Slingshot.png,https://stardewvalleywiki.com/Slingshot
Small Cap,no,no,yes,no,Small_Cap.png,https://stardewvalleywiki.com/Small_Cap
Small Glow Ring,no,no,no,no,Small_Glow_Ring.png,https://stardewvalleywiki.com/Small_Glow_Ring
Small Magnet Ring,no,no,no,no,Small_Magnet_Ring.png,https://stardewvalleywiki.com/Small_Magnet_Ring
Smallmouth Bass,no,no,no,no,Smallmouth_Bass.png,https://stardewvalleywiki.com/Smallmouth_Bass
Snail,no,no,no,no,Snail.png,https://stardewvalleywiki.com/Snail
Snake Skull,no,no,yes,no,Snake_Skull.png,https://stardewvalleywiki.com/Snake_Skull
Snake Vertebrae,no,no,yes,no,Snake_Vertebrae.png,https://stardewvalleywiki.com/Snake_Vertebrae
Sneakers,no,no,no,no,Sneakers.png,https://stardewvalleywiki.com/Sneakers
Snow Yam,no,no,no,no,Snow_Yam.png,https://stardewvalleywiki.com/Snow_Yam
Soapstone,no,no,no,yes,Soapstone.png,https://stardewvalleywiki.com/Soapstone
Soggy Newspaper,no,no,no,no,Soggy_Newspaper.png,https://stardewvalleywiki.com/Soggy_Newspaper
Solar Essence,no,no,no,no,Solar_Essence.png,https://stardewvalleywiki.com/Solar_Essence
Sombrero,no,no,no,no,Sombrero.png,https://stardewvalleywiki.com/Sombrero
Son of Crimsonfish,no,no,yes,no,Son_of_Crimsonfish.png,https://stardewvalleywiki.com/Son_of_Crimsonfish
Sonar Bobber,no,no,no,no,Sonar_Bobber.png,https://stardewvalleywiki.com/Sonar_Bobber
Sou'wester,no,no,no,no,Souwester.png,https://stardewvalleywiki.com/Sou'wester
Soul Sapper Ring,no,no,yes,no,Soul_Sapper_Ring.png,https://stardewvalleywiki.com/Soul_Sapper_Ring
Space Boots,no,no,no,no,Space_Boots.png,https://stardewvalleywiki.com/Space_Boots
Space Helmet,no,no,yes,no,Space_Helmet.png,https://stardewvalleywiki.com/Space_Helmet
Spaghetti,no,no,no,no,Spaghetti.png,https://stardewvalleywiki.com/Spaghetti
Spangle Seeds,no,no,no,no,Spangle_Seeds.png,https://stardewvalleywiki.com/Spangle_Seeds
Speed-Gro,no,no,no,no,Speed-Gro.png,https://stardewvalleywiki.com/Speed-Gro
Spice Berry,no,no,no,no,Spice_Berry.png,https://stardewvalleywiki.com/Spice_Berry
Spicy Eel,no,no,no,no,Spicy_Eel.png,https://stardewvalleywiki.com/Spicy_Eel
Spinner,no,no,no,no,Spinner.png,https://stardewvalleywiki.com/Spinner
Spook Fish,no,no,no,no,Spook_Fish.png,https://stardewvalleywiki.com/Spook_Fish
Sports Cap,no,no,no,no,Sports_Cap.png,https://stardewvalleywiki.com/Sports_Cap
Spotted Headscarf,no,no,no,no,Spotted_Headscarf.png,https://stardewvalleywiki.com/Spotted_Headscarf
Spring Onion,no,no,no,no,Spring_Onion.png,https://stardewvalleywiki.com/Spring_Onion
Spring Seeds,no,no,no,no,Spring_Seeds.png,https://stardewvalleywiki.com/Spring_Seeds
Sprinkler,no,no,no,no,Sprinkler.png,https://stardewvalleywiki.com/Sprinkler
Squid,no,no,no,no,Squid.png,https://stardewvalleywiki.com/Squid
Squid Hat,no,no,no,no,Squid_Hat.png,https://stardewvalleywiki.com/Squid_Hat
Squid Ink,no,no,no,no,Squid_Ink.png,https://stardewvalleywiki.com/Squid_Ink
Squid Ink Ravioli,no,no,no,no,Squid_Ink_Ravioli.png,https://stardewvalleywiki.com/Squid_Ink_Ravioli
Squire's Helmet,no,no,no,no,Squires_Helmet.png,https://stardewvalleywiki.com/Squire's_Helmet
Star Helmet,no,no,no,no,Star_Helmet.png,https://stardewvalleywiki.com/Star_Helmet
Star Shards,no,no,no,yes,Star_Shards.png,https://stardewvalleywiki.com/Star_Shards
Stardew Valley Almanac,no,no,no,no,Stardew_Valley_Almanac.png,https://stardewvalleywiki.com/Stardew_Valley_Almanac
Stardew Valley Rose,no,no,yes,no,Stardew_Valley_Rose.png,https://stardewvalleywiki.com/Stardew_Valley_Rose
Stardrop,no,no,no,no,Stardrop.png,https://stardewvalleywiki.com/Stardrop
Stardrop Tea,no,no,no,no,Stardrop_Tea.png,https://stardewvalleywiki.com/Stardrop_Tea
Starfruit,no,no,no,no,Starfruit.png,https://stardewvalleywiki.com/Starfruit
Starfruit Seeds,no,no,no,no,Starfruit_Seeds.png,https://stardewvalleywiki.com/Starfruit_Seeds
Steel Axe,no,no,no,no,Steel_Axe.png,https://stardewvalleywiki.com/Steel_Axe
Steel Falchion,no,no,no,no,Steel_Falchion.png,https://stardewvalleywiki.com/Steel_Falchion
Steel Hoe,no,no,no,no,Steel_Hoe.png,https://stardewvalleywiki.com/Steel_Hoe
Steel Pan,no,no,no,no,Steel_Pan.png,https://stardewvalleywiki.com/Steel_Pan
Steel Pickaxe,no,no,no,no,Steel_Pickaxe.png,https://stardewvalleywiki.com/Steel_Pickaxe
Steel Smallsword,no,no,no,no,Steel_Smallsword.png,https://stardewvalleywiki.com/Steel_Smallsword
Steel Watering Can,no,no,no,no,Steel_Watering_Can.png,https://stardewvalleywiki.com/Steel_Watering_Can
Stepping Stone Path,no,no,no,no,Stepping_Stone_Path.png,https://stardewvalleywiki.com/Stepping_Stone_Path
Stingray,no,no,yes,no,Stingray.png,https://stardewvalleywiki.com/Stingray
Stir Fry,no,no,no,no,Stir_Fry.png,https://stardewvalleywiki.com/Stir_Fry
Stone,no,no,no,no,Stone.png,https://stardewvalleywiki.com/Stone
Stone Fence,no,no,no,no,Stone_Fence.png,https://stardewvalleywiki.com/Stone_Fence
Stone Floor,no,no,no,no,Stone_Floor.png,https://stardewvalleywiki.com/Stone_Floor
Stone Walkway Floor,no,no,no,no,Stone_Walkway_Floor.png,https://stardewvalleywiki.com/Stone_Walkway_Floor
Stonefish,no,no,no,no,Stonefish.png,https://stardewvalleywiki.com/Stonefish
Strange Bun,no,no,no,no,Strange_Bun.png,https://stardewvalleywiki.com/Strange_Bun
Straw Floor,no,no,no,no,Straw_Floor.png,https://stardewvalleywiki.com/Straw_Floor
Straw Hat,no,no,no,no,Straw_Hat.png,https://stardewvalleywiki.com/Straw_Hat
Strawberry,no,no,no,no,Strawberry.png,https://stardewvalleywiki.com/Strawberry
Strawberry Seeds,no,no,no,no,Strawberry_Seeds.png,https://stardewvalleywiki.com/Strawberry_Seeds
Stuffing,no,no,no,no,Stuffing.png,https://stardewvalleywiki.com/Stuffing
Sturdy Ring,no,no,no,no,Sturdy_Ring.png,https://stardewvalleywiki.com/Sturdy_Ring
Sturgeon,no,no,no,no,Sturgeon.png,https://stardewvalleywiki.com/Sturgeon
Sugar,no,no,no,no,Sugar.png,https://stardewvalleywiki.com/Sugar
Summer Seeds,no,no,no,no,Summer_Seeds.png,https://stardewvalleywiki.com/Summer_Seeds
Summer Spangle,no,no,no,no,Summer_Spangle.png,https://stardewvalleywiki.com/Summer_Spangle
Summer Squash,no,no,no,no,Summer_Squash.png,https://stardewvalleywiki.com/Summer_Squash
Summer Squash Seeds,no,no,no,no,Summer_Squash_Seeds.png,https://stardewvalleywiki.com/Summer_Squash_Seeds
Sunfish,no,no,no,no,Sunfish.png,https://stardewvalleywiki.com/Sunfish
Sunflower,no,no,no,no,Sunflower.png,https://stardewvalleywiki.com/Sunflower
Sunflower Seeds,no,no,no,no,Sunflower_Seeds.png,https://stardewvalleywiki.com/Sunflower_Seeds
Sunglasses,no,no,yes,no,Sunglasses.png,https://stardewvalleywiki.com/Sunglasses
Super Cucumber,no,no,no,no,Super_Cucumber.png,https://stardewvalleywiki.com/Super_Cucumber
Super Meal,no,no,no,no,Super_Meal.png,https://stardewvalleywiki.com/Super_Meal
Survival Burger,no,no,no,no,Survival_Burger.png,https://stardewvalleywiki.com/Survival_Burger
Swashbuckler Hat,no,no,yes,no,Swashbuckler_Hat.png,https://stardewvalleywiki.com/Swashbuckler_Hat
Sweet Gem Berry,no,no,no,no,Sweet_Gem_Berry.png,https://stardewvalleywiki.com/Sweet_Gem_Berry
Sweet Pea,no,no,no,no,Sweet_Pea.png,https://stardewvalleywiki.com/Sweet_Pea
Taro Root,no,no,yes,no,Taro_Root.png,https://stardewvalleywiki.com/Taro_Root
Taro Tuber,no,no,yes,no,Taro_Tuber.png,https://stardewvalleywiki.com/Taro_Tuber
Tea Leaves,no,no,no,no,Tea_Leaves.png,https://stardewvalleywiki.com/Tea_Leaves
Tea Sapling,no,no,no,no,Tea_Sapling.png,https://stardewvalleywiki.com/Tea_Sapling
Tea Set,no,no,no,no,Tea_Set.png,https://stardewvalleywiki.com/Tea_Set
Tempered Broadsword,no,no,no,no,Tempered_Broadsword.png,https://stardewvalleywiki.com/Tempered_Broadsword
Templar's Blade,no,no,no,no,Templars_Blade.png,https://stardewvalleywiki.com/Templar's_Blade
Tent Kit,no,no,no,no,Tent_Kit.png,https://stardewvalleywiki.com/Tent_Kit
The Alleyway Buffet,no,no,no,no,The_Alleyway_Buffet.png,https://stardewvalleywiki.com/The_Alleyway_Buffet
The Art O' Crabbing,no,no,no,no,The_Art_O_Crabbing.png,https://stardewvalleywiki.com/The_Art_O'_Crabbing
The Diamond Hunter,no,no,yes,no,The_Diamond_Hunter.png,https://stardewvalleywiki.com/The_Diamond_Hunter
The Slammer,no,no,no,no,The_Slammer.png,https://stardewvalleywiki.com/The_Slammer
Thermal Boots,no,no,no,no,Thermal_Boots.png,https://stardewvalleywiki.com/Thermal_Boots
Thorns Ring,no,no,no,no,Thorns_Ring.png,https://stardewvalleywiki.com/Thorns_Ring
Thunder Egg,no,no,no,yes,Thunder_Egg.png,https://stardewvalleywiki.com/Thunder_Egg
Tiara,no,no,no,no,Tiara.png,https://stardewvalleywiki.com/Tiara
Tiger Hat,no,no,yes,no,Tiger_Hat.png,https://stardewvalleywiki.com/Tiger_Hat
Tiger Slime Egg,no,no,yes,no,Tiger_Slime_Egg.png,https://stardewvalleywiki.com/Tiger_Slime_Egg
Tiger Trout,no,no,no,no,Tiger_Trout.png,https://stardewvalleywiki.com/Tiger_Trout
Tigerseye,no,no,no,yes,Tigerseye.png,https://stardewvalleywiki.com/Tigerseye
Tight Pants,no,no,no,no,Tight_Pants.png,https://stardewvalleywiki.com/Tight_Pants
Tilapia,no,no,no,no,Tilapia.png,https://stardewvalleywiki.com/Tilapia
Tom Kha Soup,no,no,no,no,Tom_Kha_Soup.png,https://stardewvalleywiki.com/Tom_Kha_Soup
Tomato,no,no,no,no,Tomato.png,https://stardewvalleywiki.com/Tomato
Tomato Seeds,no,no,no,no,Tomato_Seeds.png,https://stardewvalleywiki.com/Tomato_Seeds
Top Hat,no,no,no,no,Top_Hat.png,https://stardewvalleywiki.com/Top_Hat
Topaz,no,no,no,no,Topaz.png,https://stardewvalleywiki.com/Topaz
Topaz Ring,no,no,no,no,Topaz_Ring.png,https://stardewvalleywiki.com/Topaz_Ring
Torch,no,no,no,no,Torch.png,https://stardewvalleywiki.com/Torch
Tortilla,no,no,no,no,Tortilla.png,https://stardewvalleywiki.com/Tortilla
Totem Mask,no,no,no,no,Totem_Mask.png,https://stardewvalleywiki.com/Totem_Mask
Training Rod,no,no,no,no,Training_Rod.png,https://stardewvalleywiki.com/Training_Rod
Trap Bobber,no,no,no,no,Trap_Bobber.png,https://stardewvalleywiki.com/Trap_Bobber
Trash,no,no,no,no,Trash.png,https://stardewvalleywiki.com/Trash
Treasure Appraisal Guide,no,no,no,no,Treasure_Appraisal_Guide.png,https://stardewvalleywiki.com/Treasure_Appraisal_Guide
Treasure Chest,no,no,no,no,Treasure_Chest.png,https://stardewvalleywiki.com/Treasure_Chest
Treasure Hunter,no,no,no,no,Treasure_Hunter.png,https://stardewvalleywiki.com/Treasure_Hunter
Treasure Totem,no,yes,no,no,Treasure_Totem.png,https://stardewvalleywiki.com/Treasure_Totem
Tree Fertilizer,no,no,no,no,Tree_Fertilizer.png,https://stardewvalleywiki.com/Tree_Fertilizer
Tricorn Hat,no,no,no,no,Tricorn_Hat.png,https://stardewvalleywiki.com/Tricorn_Hat
Trilobite,no,no,no,no,Trilobite.png,https://stardewvalleywiki.com/Trilobite
Trimmed Lucky Purple Shorts,no,no,no,no,Trimmed_Lucky_Purple_Shorts.png,https://stardewvalleywiki.com/Trimmed_Lucky_Purple_Shorts
Triple Shot Espresso,no,no,no,no,Triple_Shot_Espresso.png,https://stardewvalleywiki.com/Triple_Shot_Espresso
Tropical Curry,no,no,yes,no,Tropical_Curry.png,https://stardewvalleywiki.com/Tropical_Curry
Tropiclip,no,no,no,no,Tropiclip.png,https://stardewvalleywiki.com/Tropiclip
Trout Soup,no,no,no,no,Trout_Soup.png,https://stardewvalleywiki.com/Trout_Soup
Trucker Hat,no,no,no,no,Trucker_Hat.png,https://stardewvalleywiki.com/Trucker_Hat
Truffle,no,no,no,no,Truffle.png,https://stardewvalleywiki.com/Truffle
Truffle Oil,no,no,no,no,Truffle_Oil.png,https://stardewvalleywiki.com/Truffle_Oil
Tulip,no,no,no,no,Tulip.png,https://stardewvalleywiki.com/Tulip
Tulip Bulb,no,no,no,no,Tulip_Bulb.png,https://stardewvalleywiki.com/Tulip_Bulb
Tuna,no,no,no,no,Tuna.png,https://stardewvalleywiki.com/Tuna
Tundra Boots,no,no,no,no,Tundra_Boots.png,https://stardewvalleywiki.com/Tundra_Boots
Unmilled Rice,no,no,no,no,Unmilled_Rice.png,https://stardewvalleywiki.com/Unmilled_Rice
Vampire Ring,no,no,no,no,Vampire_Ring.png,https://stardewvalleywiki.com/Vampire_Ring
Vegetable Medley,no,no,no,no,Vegetable_Medley.png,https://stardewvalleywiki.com/Vegetable_Medley
Vinegar,no,no,no,no,Vinegar.png,https://stardewvalleywiki.com/Vinegar
Void Egg,no,no,no,no,Void_Egg.png,https://stardewvalleywiki.com/Void_Egg
Void Essence,no,no,no,no,Void_Essence.png,https://stardewvalleywiki.com/Void_Essence
Void Ghost Pendant,no,no,no,no,Void_Ghost_Pendant.png,https://stardewvalleywiki.com/Void_Ghost_Pendant
Void Mayonnaise,no,no,no,no,Void_Mayonnaise.png,https://stardewvalleywiki.com/Void_Mayonnaise
Void Salmon,no,no,no,no,Void_Salmon.png,https://stardewvalleywiki.com/Void_Salmon
Walleye,no,no,no,no,Walleye.png,https://stardewvalleywiki.com/Walleye
War Memento,no,no,yes,no,War_Memento.png,https://stardewvalleywiki.com/War_Memento
Warp Totem: Beach,no,no,no,no,Warp_Totem_Beach.png,https://stardewvalleywiki.com/Warp_Totem:_Beach
Warp Totem: Desert,no,no,no,no,Warp_Totem_Desert.png,https://stardewvalleywiki.com/Warp_Totem:_Desert
Warp Totem: Farm,no,no,no,no,Warp_Totem_Farm.png,https://stardewvalleywiki.com/Warp_Totem:_Farm
Warp Totem: Island,no,no,yes,no,Warp_Totem_Island.png,https://stardewvalleywiki.com/Warp_Totem:_Island
Warp Totem: Mountains,no,no,no,no,Warp_Totem_Mountains.png,https://stardewvalleywiki.com/Warp_Totem:_Mountains
Warrior Helmet,no,no,yes,no,Warrior_Helmet.png,https://stardewvalleywiki.com/Warrior_Helmet
Warrior Ring,no,no,no,no,Warrior_Ring.png,https://stardewvalleywiki.com/Warrior_Ring
Watermelon Band,no,no,no,no,Watermelon_Band.png,https://stardewvalleywiki.com/Watermelon_Band
Way Of The Wind pt. 1,no,no,no,no,Way_Of_The_Wind_pt_1.png,https://stardewvalleywiki.com/Way_Of_The_Wind_pt._1
Way Of The Wind pt. 2,no,no,no,no,Way_Of_The_Wind_pt_2.png,https://stardewvalleywiki.com/Way_Of_The_Wind_pt._2
Wearable Dwarf Helm,no,no,no,no,Wearable_Dwarf_Helm.png,https://stardewvalleywiki.com/Wearable_Dwarf_Helm
Weathered Floor,no,no,no,no,Weathered_Floor.png,https://stardewvalleywiki.com/Weathered_Floor
Wheat,no,no,no,no,Wheat.png,https://stardewvalleywiki.com/Wheat
Wheat Flour,no,no,no,no,Wheat_Flour.png,https://stardewvalleywiki.com/Wheat_Flour
Wheat Seeds,no,no,no,no,Wheat_Seeds.png,https://stardewvalleywiki.com/Wheat_Seeds
White Algae,no,no,no,no,White_Algae.png,https://stardewvalleywiki.com/White_Algae
White Bow,no,no,no,no,White_Bow.png,https://stardewvalleywiki.com/White_Bow
White Turban,no,no,no,no,White_Turban.png,https://stardewvalleywiki.com/White_Turban
Wicked Kris,no,no,no,no,Wicked_Kris.png,https://stardewvalleywiki.com/Wicked_Kris
Wild Bait,no,no,no,no,Wild_Bait.png,https://stardewvalleywiki.com/Wild_Bait
Wild Horseradish,no,no,no,no,Wild_Horseradish.png,https://stardewvalleywiki.com/Wild_Horseradish
Wild Plum,no,no,no,no,Wild_Plum.png,https://stardewvalleywiki.com/Wild_Plum
Wilted Bouquet,no,no,no,no,Wilted_Bouquet.png,https://stardewvalleywiki.com/Wilted_Bouquet
Wind Spire,no,no,no,no,Wind_Spire.png,https://stardewvalleywiki.com/Wind_Spire
Wine,no,no,no,no,Wine.png,https://stardewvalleywiki.com/Wine
Winter Root,no,no,no,no,Winter_Root.png,https://stardewvalleywiki.com/Winter_Root
Winter Seeds,no,no,no,no,Winter_Seeds.png,https://stardewvalleywiki.com/Winter_Seeds
Witch Hat,no,no,no,no,Witch_Hat.png,https://stardewvalleywiki.com/Witch_Hat
Wood,no,no,no,no,Wood.png,https://stardewvalleywiki.com/Wood
Wood Club,no,no,no,no,Wood_Club.png,https://stardewvalleywiki.com/Wood_Club
Wood Fence,no,no,no,no,Wood_Fence.png,https://stardewvalleywiki.com/Wood_Fence
Wood Floor,no,no,no,no,Wood_Floor.png,https://stardewvalleywiki.com/Wood_Floor
Wood Mallet,no,no,no,no,Wood_Mallet.png,https://stardewvalleywiki.com/Wood_Mallet
Wood Path,no,no,no,no,Wood_Path.png,https://stardewvalleywiki.com/Wood_Path
Woodcutter's Weekly,no,no,no,no,Woodcutters_Weekly.png,https://stardewvalleywiki.com/Woodcutter's_Weekly
Wooden Blade,no,no,no,no,Wooden_Blade.png,https://stardewvalleywiki.com/Wooden_Blade
Woodskip,no,no,no,no,Woodskip.png,https://stardewvalleywiki.com/Woodskip
Woody's Secret,no,no,no,no,Woodys_Secret.png,https://stardewvalleywiki.com/Woody's_Secret
Wool,no,no,no,no,Wool.png,https://stardewvalleywiki.com/Wool
Work Boots,no,no,no,no,Work_Boots.png,https://stardewvalleywiki.com/Work_Boots
Wriggling Worm,no,no,yes,no,Wriggling_Worm.png,https://stardewvalleywiki.com/Wriggling_Worm
Yam,no,no,no,no,Yam.png,https://stardewvalleywiki.com/Yam
Yam Seeds,no,no,no,no,Yam_Seeds.png,https://stardewvalleywiki.com/Yam_Seeds
Yeti Tooth,no,no,no,no,Yeti_Tooth.png,https://stardewvalleywiki.com/Yeti_Tooth
Statue of True Perfection,yes,yes,yes,no,Statue_Of_True_Perfection.png,https://stardewvalleywiki.com/Statue_Of_True_Perfection
Golden Chicken,yes,yes,yes,no,Golden_Chicken.png,https://stardewvalleywiki.com/Golden_Chicken
Statue of Blessings,no,yes,no,no,Statue_Of_Blessings.png,https://stardewvalleywiki.com/Statue_Of_Blessings
Statue of the Dwarf King,no,yes,no,no,Statue_Of_The_Dwarf_King.png,https://stardewvalleywiki.com/Statue_Of_The_Dwarf_King
Heavy Furnace,no,yes,no,no,Heavy_Furnace.png,https://stardewvalleywiki.com/Heavy_Furnace
Anvil,no,yes,no,no,Anvil.png,https://stardewvalleywiki.com/Anvil
Mini-Forge,no,yes,no,no,MiniForge.png,https://stardewvalleywiki.com/Mini-Forge
Lightning Rod,no,no,no,no,Lightning_Rod.png,https://stardewvalleywiki.com/Lightning_Rod
Mushroom Log,no,no,no,no,Mushroom_Log.png,https://stardewvalleywiki.com/Mushroom_Log
Stardew Hero Trophy,no,no,no,no,Stardew_Hero_Trophy.png,https://stardewvalleywiki.com/Stardew_Hero_Trophy
Wallpaper,no,no,no,no,Wallpaper.png,https://stardewvalleywiki.com/Wallpaper
Flooring,no,no,no,no,Flooring.png,https://stardewvalleywiki.com/Flooring
Mannequin,no,no,no,no,Mannequin.png,https://stardewvalleywiki.com/Mannequins
Cursed Mannequin,no,no,no,no,Cursed_Mannequin.png,https://stardewvalleywiki.com/Cursed_Mannequins
Furnace,no,no,no,no,Furnace.png,https://stardewvalleywiki.com/Furnace
Lost Axe,no,no,no,no,Lost_Axe.png,https://stardewvalleywiki.com/Quests#List_of_Quest_Items
Berry Basket,no,no,no,no,Berry_Basket.png,https://stardewvalleywiki.com/Quests#List_of_Quest_Items
Mini-Jukebox,no,no,no,no,Mini_Jukebox.png,https://stardewvalleywiki.com/Mini-Jukebox
Auto-Grabber,no,no,no,no,Auto_Grabber.png,https://stardewvalleywiki.com/Auto-Grabber
Auto-Petter,no,no,no,no,Auto_Petter.png,https://stardewvalleywiki.com/Auto-Petter
Heater,no,no,no,no,Heater.png,https://stardewvalleywiki.com/Heater
Copper Trash Can,no,no,no,no,Trash_Can_Copper.png,https://stardewvalleywiki.com/Trash_Cans
Steel Trash Can,no,no,no,no,Trash_Can_Steel.png,https://stardewvalleywiki.com/Trash_Cans
Gold Trash Can,no,no,no,no,Trash_Can_Gold.png,https://stardewvalleywiki.com/Trash_Cans
Iridium Trash Can,no,no,no,no,Trash_Can_Iridium.png,https://stardewvalleywiki.com/Trash_Cans
Zuzu City Express,no,no,no,no,The_Zuzu_City_Express.png,https://stardewvalleywiki.com/%27The_Zuzu_City_Express%27
Rarecrow 1,no,no,no,no,Rarecrow_1.png,https://stardewvalleywiki.com/Scarecrow#Rarecrows
Rarecrow 2,no,no,no,no,Rarecrow_2.png,https://stardewvalleywiki.com/Scarecrow#Rarecrows
Rarecrow 3,no,no,no,no,Rarecrow_3.png,https://stardewvalleywiki.com/Scarecrow#Rarecrows
Rarecrow 4,no,no,no,no,Rarecrow_4.png,https://stardewvalleywiki.com/Scarecrow#Rarecrows
Rarecrow 5,no,no,no,no,Rarecrow_5.png,https://stardewvalleywiki.com/Scarecrow#Rarecrows
Rarecrow 6,no,no,no,no,Rarecrow_6.png,https://stardewvalleywiki.com/Scarecrow#Rarecrows
Rarecrow 7,no,no,no,no,Rarecrow_7.png,https://stardewvalleywiki.com/Scarecrow#Rarecrows
Rarecrow 8,no,no,no,no,Rarecrow_8.png,https://stardewvalleywiki.com/Scarecrow#Rarecrows
Tub o' Flowers,no,no,no,no,Tub_o'_Flowers.png,https://stardewvalleywiki.com/Tub_o%27_Flowers
Wicked Statue,no,no,no,no,Wicked_Statue.png,https://stardewvalleywiki.com/Wicked_Statue
Wood Lamp-post,no,no,no,no,Wood_Lamp-post.png,https://stardewvalleywiki.com/Wood_Lamp-post
Wood Sign,no,no,no,no,Wood_Sign.png,https://stardewvalleywiki.com/Wood_Sign
Wooden Brazier,no,no,no,no,Wooden_Brazier.png,https://stardewvalleywiki.com/Wooden_Brazier
Worm Bin,no,no,no,no,Worm_Bin.png,https://stardewvalleywiki.com/Worm_Bin
Junimo Plush,no,no,no,no,Junimo_Plush.png,https://stardewvalleywiki.com/Junimo_Plush
Deluxe Scarecrow,no,no,no,no,Deluxe_Scarecrow.png,https://stardewvalleywiki.com/Deluxe_Scarecrow
X marks the spot (secret note 16),no,no,no,no,SecretNote16.png,https://stardewvalleywiki.com/Secret_Notes
X marks the spot (secret note 17),no,no,no,no,SecretNote17.png,https://stardewvalleywiki.com/Secret_Notes
X marks the spot (secret note 18),no,no,no,no,SecretNote18.png,https://stardewvalleywiki.com/Secret_Notes
A Night On Eco Hill,no,no,no,no,EcoHill.png,https://stardewvalleywiki.com/%27A_Night_On_Eco-Hill%27
Abigail Portrait,no,no,no,no,Abigail_Portrait.png,https://stardewvalleywiki.com/Abigail_Portrait
Alex Portrait,no,no,no,no,Alex_Portrait.png,https://stardewvalleywiki.com/Alex_Portrait
Aquatic Sanctuary,no,no,yes,no,Aquatic_Sanctuary.png,https://stardewvalleywiki.com/Aquatic_Sanctuary
Art Photo,no,no,no,no,Art_Photo.png,https://stardewvalleywiki.com/Art_Photo
Art Photo 2,no,no,no,no,Art_Photo_2.png,https://stardewvalleywiki.com/Art_Photo_2
Bait Maker,no,no,no,no,Bait_Maker.png,https://stardewvalleywiki.com/Bait_Maker
Barrel Brazier,no,no,no,no,Barrel_Brazier.png,https://stardewvalleywiki.com/Barrel_Brazier
Basic Log,no,no,no,no,Basic_Log.png,https://stardewvalleywiki.com/Basic_Log
Bear Statue,no,no,no,no,Bear_Statue.png,https://stardewvalleywiki.com/Bear_Statue
Bee House,no,no,no,no,Bee_House.png,https://stardewvalleywiki.com/Bee_House
Big Chest,no,no,no,no,Big_Chest.png,https://stardewvalleywiki.com/Big_Chest
Big Green Cane,no,no,no,no,Big_Green_Cane.png,https://stardewvalleywiki.com/Big_Green_Cane
Big Red Cane,no,no,no,no,Big_Red_Cane.png,https://stardewvalleywiki.com/Big_Red_Cane
Big Stone Chest,no,no,no,no,Big_Stone_Chest.png,https://stardewvalleywiki.com/Big_Stone_Chest
Birch Double Bed,no,no,no,no,Birch_Double_Bed.png,https://stardewvalleywiki.com/Birch_Double_Bed
Bird House,no,no,no,no,Bird_House.png,https://stardewvalleywiki.com/Bird_House
Blue Pinstripe Bed,no,no,no,no,Blue_Pinstripe_Bed.png,https://stardewvalleywiki.com/Blue_Pinstripe_Bed
Blue Pinstripe Double Bed,no,no,no,no,Blue_Pinstripe_Double_Bed.png,https://stardewvalleywiki.com/Blue_Pinstripe_Double_Bed
Boat,no,no,no,no,Boat_Picture.png,https://stardewvalleywiki.com/%27Boat%27
Bone Mill,no,no,no,no,Bone_Mill.png,https://stardewvalleywiki.com/Bone_Mill
Burnt Offering,no,no,no,no,Burnt_Offering.png,https://stardewvalleywiki.com/%27Burnt_Offering%27
Butterfly Hutch,no,no,no,no,Butterfly_Hutch.png,https://stardewvalleywiki.com/Butterfly_Hutch
Campfire,no,no,no,no,Campfire.png,https://stardewvalleywiki.com/Campfire
Carved Brazier,no,no,no,no,Carved_Brazier.png,https://stardewvalleywiki.com/Carved_Brazier
Cask,no,no,no,no,Cask.png,https://stardewvalleywiki.com/Cask
Cat Tree,no,no,no,no,Cat_Tree.png,https://stardewvalleywiki.com/Cat_Tree
Catalogue,no,no,no,no,Catalogue.png,https://stardewvalleywiki.com/Catalogue
Charcoal Kiln,no,no,no,no,Charcoal_Kiln.png,https://stardewvalleywiki.com/Charcoal_Kiln
Cheese Press,no,no,no,no,Cheese_Press.png,https://stardewvalleywiki.com/Cheese_Press
Chest,no,no,no,no,Chest.png,https://stardewvalleywiki.com/Chest
Chicken Decal,no,no,no,no,Chicken_Decal.png,https://stardewvalleywiki.com/Chicken_Decal
Chicken Statue,no,no,no,no,Chicken_Statue_Big.png,https://stardewvalleywiki.com/Chicken_Statue_(furniture)
Clothesline,no,no,no,no,Clothesline.png,https://stardewvalleywiki.com/Clothesline
Cloud Decal,no,no,no,no,Cloud_Decal.png,https://stardewvalleywiki.com/Cloud_Decal
Clouds,no,no,no,no,Clouds.png,https://stardewvalleywiki.com/%27Clouds%27
Coat Stand,no,no,no,no,Coat_Stand.png,https://stardewvalleywiki.com/Coat_Stand
Cow Decal,no,no,no,no,Cow_Decal.png,https://stardewvalleywiki.com/Cow_Decal
Crystal Chair,no,no,no,no,Crystal_Chair.png,https://stardewvalleywiki.com/Crystal_Chair
Crystalarium,no,no,no,no,Crystalarium.png,https://stardewvalleywiki.com/Crystalarium
Dark Cat Tree,no,no,no,no,Dark_Cat_Tree.png,https://stardewvalleywiki.com/Dark_Cat_Tree
Dark Doghouse,no,no,no,no,Dark_Doghouse.png,https://stardewvalleywiki.com/Dark_Doghouse
Dark Piano,no,no,no,no,Dark_Piano.png,https://stardewvalleywiki.com/Dark_Piano
Dark Sign,no,no,no,no,Dark_Sign.png,https://stardewvalleywiki.com/Dark_Sign
Deconstructor,no,no,yes,no,Deconstructor.png,https://stardewvalleywiki.com/Deconstructor
Decorative Sword,no,no,no,no,Decorative_Sword.png,https://stardewvalleywiki.com/Decorative_Sword
Dehydrator,no,no,no,no,Dehydrator.png,https://stardewvalleywiki.com/Dehydrator
Deluxe Red Double Bed,no,no,no,no,Deluxe_Red_Double_Bed.png,https://stardewvalleywiki.com/Deluxe_Red_Double_Bed
Deluxe Worm Bin,no,no,no,no,Deluxe_Worm_Bin.png,https://stardewvalleywiki.com/Deluxe_Worm_Bin
Doghouse,no,no,no,no,Doghouse.png,https://stardewvalleywiki.com/Doghouse
Dried Fruit,no,no,no,no,Dried_Fruit.png,https://stardewvalleywiki.com/Dried_Fruit
Dried Mushrooms,no,no,no,no,Dried_Mushrooms.png,https://stardewvalleywiki.com/Dried_Mushrooms
Dusty Skull,no,no,no,no,Dusty_Skull.png,https://stardewvalleywiki.com/Dusty_Skull
??Foroguemon??,no,no,no,no,Foroguemon.png,https://stardewvalleywiki.com/%3F%3FForoguemon%3F%3F
??HMTGF??,no,no,no,no,HMTGF.png,https://stardewvalleywiki.com/%3F%3FHMTGF%3F%3F
??Pinky Lemon??,no,no,no,no,Pinky_Lemon.png,https://stardewvalleywiki.com/%3F%3FPinky_Lemon%3F%3F
???,yes,yes,yes,no,ConcernedApe_Hat.png,https://stardewvalleywiki.com/%3F%3F%3F_(hat)